repo	milestone	round	issue_slug	title	size	depends_on	files_touched	notes
paideia-os	r29-driver-substrate	R29	R29-M1-001	Promote slot-14 base kind KIND_HW (linearity-and-tags §3.1 rewrite)	S	-	design/kernel/linearity-and-tags.md src/kernel/core/cap/kind_hw.pdx	D6 slot allocation; single-authority monorepo write
paideia-os	r29-driver-substrate	R29	R29-M1-002	Draft design/drivers/blob-policy.md (D1.a dual-signature, D1.b per-driver DMA domain, D1.c full audit)	M	-	design/drivers/blob-policy.md	D1 blob-driver capability policy; blocks R38 + R40 kickoff
paideia-os	r29-driver-substrate	R29	R29-M1-003	KIND_INTERRUPT derived cap over KIND_HW	M	R29-M1-001	src/kernel/core/cap/kind_interrupt.pdx design/kernel/interrupts.md	per-vector interrupt cap; owned by driver process
paideia-os	r29-driver-substrate	R29	R29-M1-004	KIND_MSIX_VECTOR derived over KIND_INTERRUPT	S	R29-M1-003	src/kernel/core/cap/kind_msix_vector.pdx src/kernel/drivers/pcie/msix.pdx	MSI-X vector cap; per-vector affinity
paideia-os	r29-driver-substrate	R29	R29-M1-005	KIND_DMA_DOMAIN cap over KIND_HW (per-driver IOMMU domain)	M	R29-M1-001	src/kernel/core/cap/kind_dma_domain.pdx src/kernel/drivers/iommu/domain.pdx	D1.b per-driver-process domain granularity
paideia-os	r29-driver-substrate	R29	R29-M1-006	KIND_HW_TIMELINE base cap (drm-syncobj shape)	M	R29-M1-001	src/kernel/core/cap/kind_hw_timeline.pdx design/kernel/timelines.md	P1 mitigation: explicit-sync only; no implicit fallback
paideia-os	r29-driver-substrate	R29	R29-M1-007	TLA+ spec for KIND_HW_TIMELINE (R7 mitigation)	L	R29-M1-006	design/formal/hw_timeline.tla	Every derived timeline must refine base spec
paideia-os	r29-driver-substrate	R29	R29-M2-001	Driver lifecycle FSM: real bodies for load/init/probe/attach/detach/unload	L	R29-M1-003	src/kernel/core/driver/lifecycle.pdx	replace R28 MVP arbitrated stubs with real states
paideia-os	r29-driver-substrate	R29	R29-M2-002	Driver registry v2: ML-DSA-65 signed driver manifests	L	R29-M2-001	src/kernel/core/driver/registry.pdx design/drivers/registry-v2.md	content-addressed driver identity
paideia-os	r29-driver-substrate	R29	R29-M2-003	Driver process spawn contract: narrow-cap seed	M	R29-M2-001	src/kernel/core/driver/spawn.pdx	spawn hands over exactly the caps declared in manifest
paideia-os	r29-driver-substrate	R29	R29-M2-004	Driver-side supervisor: crash → capture → restart FSM	M	R29-M2-001	src/kernel/core/driver/supervisor.pdx	chaos-restart harness feeds this
paideia-os	r29-driver-substrate	R29	R29-M2-005	Interrupt topology probe (per-CPU, per-vector affinity)	M	R29-M1-003	src/kernel/drivers/apic/topology.pdx	T14 G4 topology walk
paideia-os	r29-driver-substrate	R29	R29-M2-006	IRQ vector allocator with cap-scoped ownership	M	R29-M1-003	src/kernel/core/irq/allocator.pdx	who-owns-what vector; no ambient IRQ authority
paideia-os	r29-driver-substrate	R29	R29-M2-007	IOMMU domain allocator + attach/detach lifecycle	M	R29-M1-005	src/kernel/drivers/iommu/allocator.pdx	per-driver-process domain default
paideia-os	r29-driver-substrate	R29	R29-M2-008	DMA buffer allocator over KIND_DMA_DOMAIN	M	R29-M1-005	src/kernel/core/dma/allocator.pdx	coherent + streaming variants
paideia-os	r29-driver-substrate	R29	R29-M3-001	Driver-audit surface: emit-first record schema	M	R29-M2-001	src/kernel/core/audit/driver_events.pdx design/audit/driver-schema.md	I5 invariant applied to driver events
paideia-os	r29-driver-substrate	R29	R29-M3-002	Driver telemetry ring: per-driver kmsg equivalent	S	R29-M3-001	src/kernel/core/driver/telemetry.pdx	per-process log ring; capped size
paideia-os	r29-driver-substrate	R29	R29-M3-003	Driver capability manifest DSL	M	R29-M2-002	src/toolchain/driver_manifest/dsl.pdx design/drivers/manifest-dsl.md	declarative: cap set + effect row + IRQ/DMA needs
paideia-os	r29-driver-substrate	R29	R29-M3-004	Driver reload without kernel restart (hot-reset path)	L	R29-M2-004	src/kernel/core/driver/hot_reload.pdx	quiesce → detach → reattach
paideia-os	r29-driver-substrate	R29	R29-M4-001	Chaos-restart harness (fault-injection into any driver)	L	R29-M2-004	tests/chaos/driver_restart.pdx	kills driver at random state; asserts survivor invariants
paideia-os	r29-driver-substrate	R29	R29-M4-002	Driver framework unit-test fixtures (mock IRQ + mock DMA)	M	R29-M2-001	tests/framework/mock_irq.pdx tests/framework/mock_dma.pdx	reusable test harness for later rounds
paideia-os	r29-driver-substrate	R29	R29-M4-003	Effect-row aggregate: !{DriverEffects}	S	R29-M3-001	design/toolchain/effect-vocabulary.md src/toolchain/effect_row.pdx	P15 mitigation; documents top-level vocab
paideia-os	r29-driver-substrate	R29	R29-M5-001	Fingerprint gate: R29 QEMU witness suite	M	R29-M4-001	tools/hw-smoke-r29.md tests/witnesses/r29/*.pdx	D7 QEMU-OVMF structural witness
paideia-os	r29-driver-substrate	R29	R29-M5-002	T14 G4 real-HW recipe: tools/hw-smoke-r29.md	S	R29-M5-001	tools/hw-smoke-r29.md	D7 T14 recipe; operator-triggered
paideia-os	r29-driver-substrate	R29	R29-M6-001	R29 hardening pass: FSM invariants asserted at every transition	M	R29-M2-001	src/kernel/core/driver/lifecycle.pdx	close-out invariant discipline
paideia-os	r29-driver-substrate	R29	R29-M6-002	R29 pitfall register wire-up (P12 blob policy, P14 slot 14, P15 effects)	S	R29-M1-002	design/roadmap/next-wave-pitfalls.md	cross-reference sink
paideia-os	r29-driver-substrate	R29	R29-M7-001	R29 documentation sweep + derived-kinds table	M	R29-M1-006	design/architecture/next-wave-derived-kinds.md	78-row derived-kind catalogue from synthesis §5
paideia-os	r29-driver-substrate	R29	R29-M7-002	R29 audit-record schema documented	S	R29-M3-001	design/audit/driver-schema.md	wire spec
paideia-os	r29-driver-substrate	R29	R29-M8-001	R29 closure: round-retrospective doc	S	R29-M6-001	design/round-retrospectives/r29-closed.md	close-out
paideia-os	r29-driver-substrate	R29	R29-M8-002	R29 tag + submodule bump if paideia-as v0.25 landed	S	R29-M8-001	STATUS.md .gitmodules	tag r29-closed
paideia-os	r29-driver-substrate	R29	R29-M8-003	R29 → R30 handoff doc (ACPICA prereqs listed)	S	R29-M8-001	design/round-retrospectives/r29-closed.md	R30 kickoff signal
paideia-os	r29-driver-substrate	R29	R29-M8-004	R29 milestone-close notice + label prune	S	R29-M8-001	-	GH housekeeping
paideia-os	r30-acpica-lpss	R30	R30-M1-001	R30.M1-001 ACPICA userspace bubble bootstrap + AML lexer/parser #1	M	R29-M8-001	src/user/acpica/aml_parser.pdx src/user/acpica/opcodes.pdx	ACPICA userspace bubble bootstrap + AML lexer/parser (auto-scaffold; refine at body-drafting)
paideia-os	r30-acpica-lpss	R30	R30-M1-002	R30.M1-002 ACPICA userspace bubble bootstrap + AML lexer/parser #2	M	R30-M1-001	src/user/acpica/aml_parser.pdx src/user/acpica/opcodes.pdx	ACPICA userspace bubble bootstrap + AML lexer/parser (auto-scaffold; refine at body-drafting)
paideia-os	r30-acpica-lpss	R30	R30-M1-003	R30.M1-003 ACPICA userspace bubble bootstrap + AML lexer/parser #3	M	R30-M1-001	src/user/acpica/aml_parser.pdx src/user/acpica/opcodes.pdx	ACPICA userspace bubble bootstrap + AML lexer/parser (auto-scaffold; refine at body-drafting)
paideia-os	r30-acpica-lpss	R30	R30-M1-004	R30.M1-004 ACPICA userspace bubble bootstrap + AML lexer/parser #4	M	R30-M1-001	src/user/acpica/aml_parser.pdx src/user/acpica/opcodes.pdx	ACPICA userspace bubble bootstrap + AML lexer/parser (auto-scaffold; refine at body-drafting)
paideia-os	r30-acpica-lpss	R30	R30-M1-005	R30.M1-005 ACPICA userspace bubble bootstrap + AML lexer/parser #5	M	R30-M1-001	src/user/acpica/aml_parser.pdx src/user/acpica/opcodes.pdx	ACPICA userspace bubble bootstrap + AML lexer/parser (auto-scaffold; refine at body-drafting)
paideia-os	r30-acpica-lpss	R30	R30-M1-006	R30.M1-006 ACPICA userspace bubble bootstrap + AML lexer/parser #6	M	R30-M1-001	src/user/acpica/aml_parser.pdx src/user/acpica/opcodes.pdx	ACPICA userspace bubble bootstrap + AML lexer/parser (auto-scaffold; refine at body-drafting)
paideia-os	r30-acpica-lpss	R30	R30-M2-001	R30.M2-001 AML interpreter core (data types + control flow + method invoke) #1	M	R30-M1-001	src/user/acpica/interpreter.pdx	AML interpreter core (data types + control flow + method invoke) (auto-scaffold; refine at body-drafting)
paideia-os	r30-acpica-lpss	R30	R30-M2-002	R30.M2-002 AML interpreter core (data types + control flow + method invoke) #2	M	R30-M1-001	src/user/acpica/interpreter.pdx	AML interpreter core (data types + control flow + method invoke) (auto-scaffold; refine at body-drafting)
paideia-os	r30-acpica-lpss	R30	R30-M2-003	R30.M2-003 AML interpreter core (data types + control flow + method invoke) #3	M	R30-M1-001	src/user/acpica/interpreter.pdx	AML interpreter core (data types + control flow + method invoke) (auto-scaffold; refine at body-drafting)
paideia-os	r30-acpica-lpss	R30	R30-M2-004	R30.M2-004 AML interpreter core (data types + control flow + method invoke) #4	M	R30-M1-001	src/user/acpica/interpreter.pdx	AML interpreter core (data types + control flow + method invoke) (auto-scaffold; refine at body-drafting)
paideia-os	r30-acpica-lpss	R30	R30-M2-005	R30.M2-005 AML interpreter core (data types + control flow + method invoke) #5	M	R30-M1-001	src/user/acpica/interpreter.pdx	AML interpreter core (data types + control flow + method invoke) (auto-scaffold; refine at body-drafting)
paideia-os	r30-acpica-lpss	R30	R30-M2-006	R30.M2-006 AML interpreter core (data types + control flow + method invoke) #6	M	R30-M1-001	src/user/acpica/interpreter.pdx	AML interpreter core (data types + control flow + method invoke) (auto-scaffold; refine at body-drafting)
paideia-os	r30-acpica-lpss	R30	R30-M3-001	R30.M3-001 KIND_FW_SESSION + KIND_OP_REGION derived caps + reads/writes #1	M	R30-M1-001	src/kernel/core/cap/kind_fw_session.pdx src/kernel/core/cap/kind_op_region.pdx	KIND_FW_SESSION + KIND_OP_REGION derived caps + reads/writes (auto-scaffold; refine at body-drafting)
paideia-os	r30-acpica-lpss	R30	R30-M3-002	R30.M3-002 KIND_FW_SESSION + KIND_OP_REGION derived caps + reads/writes #2	M	R30-M1-001	src/kernel/core/cap/kind_fw_session.pdx src/kernel/core/cap/kind_op_region.pdx	KIND_FW_SESSION + KIND_OP_REGION derived caps + reads/writes (auto-scaffold; refine at body-drafting)
paideia-os	r30-acpica-lpss	R30	R30-M3-003	R30.M3-003 KIND_FW_SESSION + KIND_OP_REGION derived caps + reads/writes #3	M	R30-M1-001	src/kernel/core/cap/kind_fw_session.pdx src/kernel/core/cap/kind_op_region.pdx	KIND_FW_SESSION + KIND_OP_REGION derived caps + reads/writes (auto-scaffold; refine at body-drafting)
paideia-os	r30-acpica-lpss	R30	R30-M3-004	R30.M3-004 KIND_FW_SESSION + KIND_OP_REGION derived caps + reads/writes #4	M	R30-M1-001	src/kernel/core/cap/kind_fw_session.pdx src/kernel/core/cap/kind_op_region.pdx	KIND_FW_SESSION + KIND_OP_REGION derived caps + reads/writes (auto-scaffold; refine at body-drafting)
paideia-os	r30-acpica-lpss	R30	R30-M3-005	R30.M3-005 KIND_FW_SESSION + KIND_OP_REGION derived caps + reads/writes #5	M	R30-M1-001	src/kernel/core/cap/kind_fw_session.pdx src/kernel/core/cap/kind_op_region.pdx	KIND_FW_SESSION + KIND_OP_REGION derived caps + reads/writes (auto-scaffold; refine at body-drafting)
paideia-os	r30-acpica-lpss	R30	R30-M4-001	R30.M4-001 LPSS I2C controller enumeration + KIND_I2C_BUS mint #1	M	R30-M1-001	src/kernel/drivers/lpss/i2c.pdx src/kernel/core/cap/kind_i2c_bus.pdx	LPSS I2C controller enumeration + KIND_I2C_BUS mint (auto-scaffold; refine at body-drafting)
paideia-os	r30-acpica-lpss	R30	R30-M4-002	R30.M4-002 LPSS I2C controller enumeration + KIND_I2C_BUS mint #2	M	R30-M1-001	src/kernel/drivers/lpss/i2c.pdx src/kernel/core/cap/kind_i2c_bus.pdx	LPSS I2C controller enumeration + KIND_I2C_BUS mint (auto-scaffold; refine at body-drafting)
paideia-os	r30-acpica-lpss	R30	R30-M4-003	R30.M4-003 LPSS I2C controller enumeration + KIND_I2C_BUS mint #3	M	R30-M1-001	src/kernel/drivers/lpss/i2c.pdx src/kernel/core/cap/kind_i2c_bus.pdx	LPSS I2C controller enumeration + KIND_I2C_BUS mint (auto-scaffold; refine at body-drafting)
paideia-os	r30-acpica-lpss	R30	R30-M4-004	R30.M4-004 LPSS I2C controller enumeration + KIND_I2C_BUS mint #4	M	R30-M1-001	src/kernel/drivers/lpss/i2c.pdx src/kernel/core/cap/kind_i2c_bus.pdx	LPSS I2C controller enumeration + KIND_I2C_BUS mint (auto-scaffold; refine at body-drafting)
paideia-os	r30-acpica-lpss	R30	R30-M4-005	R30.M4-005 LPSS I2C controller enumeration + KIND_I2C_BUS mint #5	M	R30-M1-001	src/kernel/drivers/lpss/i2c.pdx src/kernel/core/cap/kind_i2c_bus.pdx	LPSS I2C controller enumeration + KIND_I2C_BUS mint (auto-scaffold; refine at body-drafting)
paideia-os	r30-acpica-lpss	R30	R30-M5-001	R30.M5-001 LPSS GPIO controller + KIND_GPIO_LINE mint #1	M	R30-M1-001	src/kernel/drivers/lpss/gpio.pdx src/kernel/core/cap/kind_gpio_line.pdx	LPSS GPIO controller + KIND_GPIO_LINE mint (auto-scaffold; refine at body-drafting)
paideia-os	r30-acpica-lpss	R30	R30-M5-002	R30.M5-002 LPSS GPIO controller + KIND_GPIO_LINE mint #2	M	R30-M1-001	src/kernel/drivers/lpss/gpio.pdx src/kernel/core/cap/kind_gpio_line.pdx	LPSS GPIO controller + KIND_GPIO_LINE mint (auto-scaffold; refine at body-drafting)
paideia-os	r30-acpica-lpss	R30	R30-M5-003	R30.M5-003 LPSS GPIO controller + KIND_GPIO_LINE mint #3	M	R30-M1-001	src/kernel/drivers/lpss/gpio.pdx src/kernel/core/cap/kind_gpio_line.pdx	LPSS GPIO controller + KIND_GPIO_LINE mint (auto-scaffold; refine at body-drafting)
paideia-os	r30-acpica-lpss	R30	R30-M5-004	R30.M5-004 LPSS GPIO controller + KIND_GPIO_LINE mint #4	M	R30-M1-001	src/kernel/drivers/lpss/gpio.pdx src/kernel/core/cap/kind_gpio_line.pdx	LPSS GPIO controller + KIND_GPIO_LINE mint (auto-scaffold; refine at body-drafting)
paideia-os	r30-acpica-lpss	R30	R30-M6-001	R30.M6-001 EC OpRegion binding + I2C slave discovery #1	M	R30-M1-001	src/kernel/drivers/ec/opregion.pdx	EC OpRegion binding + I2C slave discovery (auto-scaffold; refine at body-drafting)
paideia-os	r30-acpica-lpss	R30	R30-M6-002	R30.M6-002 EC OpRegion binding + I2C slave discovery #2	M	R30-M1-001	src/kernel/drivers/ec/opregion.pdx	EC OpRegion binding + I2C slave discovery (auto-scaffold; refine at body-drafting)
paideia-os	r30-acpica-lpss	R30	R30-M6-003	R30.M6-003 EC OpRegion binding + I2C slave discovery #3	M	R30-M1-001	src/kernel/drivers/ec/opregion.pdx	EC OpRegion binding + I2C slave discovery (auto-scaffold; refine at body-drafting)
paideia-os	r30-acpica-lpss	R30	R30-M6-004	R30.M6-004 EC OpRegion binding + I2C slave discovery #4	M	R30-M1-001	src/kernel/drivers/ec/opregion.pdx	EC OpRegion binding + I2C slave discovery (auto-scaffold; refine at body-drafting)
paideia-os	r30-acpica-lpss	R30	R30-M7-001	R30.M7-001 R11 mitigation: HWP-INT round-trip < 2 ms on reserved LP-E core #1	M	R30-M1-001	src/user/acpica/scheduler.pdx	R11 mitigation: HWP-INT round-trip < 2 ms on reserved LP-E core (auto-scaffold; refine at body-drafting)
paideia-os	r30-acpica-lpss	R30	R30-M7-002	R30.M7-002 R11 mitigation: HWP-INT round-trip < 2 ms on reserved LP-E core #2	M	R30-M1-001	src/user/acpica/scheduler.pdx	R11 mitigation: HWP-INT round-trip < 2 ms on reserved LP-E core (auto-scaffold; refine at body-drafting)
paideia-os	r30-acpica-lpss	R30	R30-M7-003	R30.M7-003 R11 mitigation: HWP-INT round-trip < 2 ms on reserved LP-E core #3	M	R30-M1-001	src/user/acpica/scheduler.pdx	R11 mitigation: HWP-INT round-trip < 2 ms on reserved LP-E core (auto-scaffold; refine at body-drafting)
paideia-os	r30-acpica-lpss	R30	R30-M8-001	R30.M8-001 AML corpus regression suite (Linux-verified fixtures) #1	M	R30-M1-001	tests/acpica/corpus/*.aml	AML corpus regression suite (Linux-verified fixtures) (auto-scaffold; refine at body-drafting)
paideia-os	r30-acpica-lpss	R30	R30-M8-002	R30.M8-002 AML corpus regression suite (Linux-verified fixtures) #2	M	R30-M1-001	tests/acpica/corpus/*.aml	AML corpus regression suite (Linux-verified fixtures) (auto-scaffold; refine at body-drafting)
paideia-os	r30-acpica-lpss	R30	R30-M8-003	R30.M8-003 AML corpus regression suite (Linux-verified fixtures) #3	M	R30-M1-001	tests/acpica/corpus/*.aml	AML corpus regression suite (Linux-verified fixtures) (auto-scaffold; refine at body-drafting)
paideia-os	r30-acpica-lpss	R30	R30-M9-001	R30.M9-001 QEMU + T14 G4 DSDT/SSDT capture across >=3 BIOS revisions #1	M	R30-M1-001	tools/hw-smoke-r30.md tests/hw/dsdt_capture.pdx	QEMU + T14 G4 DSDT/SSDT capture across >=3 BIOS revisions (auto-scaffold; refine at body-drafting)
paideia-os	r30-acpica-lpss	R30	R30-M9-002	R30.M9-002 QEMU + T14 G4 DSDT/SSDT capture across >=3 BIOS revisions #2	M	R30-M1-001	tools/hw-smoke-r30.md tests/hw/dsdt_capture.pdx	QEMU + T14 G4 DSDT/SSDT capture across >=3 BIOS revisions (auto-scaffold; refine at body-drafting)
paideia-os	r30-acpica-lpss	R30	R30-M9-003	R30.M9-003 QEMU + T14 G4 DSDT/SSDT capture across >=3 BIOS revisions #3	M	R30-M1-001	tools/hw-smoke-r30.md tests/hw/dsdt_capture.pdx	QEMU + T14 G4 DSDT/SSDT capture across >=3 BIOS revisions (auto-scaffold; refine at body-drafting)
paideia-os	r30-acpica-lpss	R30	R30-M9-004	R30.M9-004 QEMU + T14 G4 DSDT/SSDT capture across >=3 BIOS revisions #4	M	R30-M1-001	tools/hw-smoke-r30.md tests/hw/dsdt_capture.pdx	QEMU + T14 G4 DSDT/SSDT capture across >=3 BIOS revisions (auto-scaffold; refine at body-drafting)
paideia-os	r31-platform-ec	R31	R31-M1-001	R31.M1-001 EC query interface + KIND_EC_QUERY mint #1	M	R30-M8-001	src/kernel/drivers/ec/query.pdx src/kernel/core/cap/kind_ec_query.pdx	EC query interface + KIND_EC_QUERY mint (auto-scaffold; refine at body-drafting)
paideia-os	r31-platform-ec	R31	R31-M1-002	R31.M1-002 EC query interface + KIND_EC_QUERY mint #2	M	R31-M1-001	src/kernel/drivers/ec/query.pdx src/kernel/core/cap/kind_ec_query.pdx	EC query interface + KIND_EC_QUERY mint (auto-scaffold; refine at body-drafting)
paideia-os	r31-platform-ec	R31	R31-M1-003	R31.M1-003 EC query interface + KIND_EC_QUERY mint #3	M	R31-M1-001	src/kernel/drivers/ec/query.pdx src/kernel/core/cap/kind_ec_query.pdx	EC query interface + KIND_EC_QUERY mint (auto-scaffold; refine at body-drafting)
paideia-os	r31-platform-ec	R31	R31-M1-004	R31.M1-004 EC query interface + KIND_EC_QUERY mint #4	M	R31-M1-001	src/kernel/drivers/ec/query.pdx src/kernel/core/cap/kind_ec_query.pdx	EC query interface + KIND_EC_QUERY mint (auto-scaffold; refine at body-drafting)
paideia-os	r31-platform-ec	R31	R31-M2-001	R31.M2-001 Battery driver + KIND_BATTERY cap + charge/discharge state #1	M	R31-M1-001	src/kernel/drivers/battery/*.pdx	Battery driver + KIND_BATTERY cap + charge/discharge state (auto-scaffold; refine at body-drafting)
paideia-os	r31-platform-ec	R31	R31-M2-002	R31.M2-002 Battery driver + KIND_BATTERY cap + charge/discharge state #2	M	R31-M1-001	src/kernel/drivers/battery/*.pdx	Battery driver + KIND_BATTERY cap + charge/discharge state (auto-scaffold; refine at body-drafting)
paideia-os	r31-platform-ec	R31	R31-M2-003	R31.M2-003 Battery driver + KIND_BATTERY cap + charge/discharge state #3	M	R31-M1-001	src/kernel/drivers/battery/*.pdx	Battery driver + KIND_BATTERY cap + charge/discharge state (auto-scaffold; refine at body-drafting)
paideia-os	r31-platform-ec	R31	R31-M3-001	R31.M3-001 AC adapter + charge control gating #1	M	R31-M1-001	src/kernel/drivers/ac_adapter.pdx	AC adapter + charge control gating (auto-scaffold; refine at body-drafting)
paideia-os	r31-platform-ec	R31	R31-M3-002	R31.M3-002 AC adapter + charge control gating #2	M	R31-M1-001	src/kernel/drivers/ac_adapter.pdx	AC adapter + charge control gating (auto-scaffold; refine at body-drafting)
paideia-os	r31-platform-ec	R31	R31-M3-003	R31.M3-003 AC adapter + charge control gating #3	M	R31-M1-001	src/kernel/drivers/ac_adapter.pdx	AC adapter + charge control gating (auto-scaffold; refine at body-drafting)
paideia-os	r31-platform-ec	R31	R31-M4-001	R31.M4-001 Thermal zone + KIND_THERMAL_ZONE + KIND_COOLING_DEVICE #1	M	R31-M1-001	src/kernel/drivers/thermal/*.pdx	Thermal zone + KIND_THERMAL_ZONE + KIND_COOLING_DEVICE (auto-scaffold; refine at body-drafting)
paideia-os	r31-platform-ec	R31	R31-M4-002	R31.M4-002 Thermal zone + KIND_THERMAL_ZONE + KIND_COOLING_DEVICE #2	M	R31-M1-001	src/kernel/drivers/thermal/*.pdx	Thermal zone + KIND_THERMAL_ZONE + KIND_COOLING_DEVICE (auto-scaffold; refine at body-drafting)
paideia-os	r31-platform-ec	R31	R31-M4-003	R31.M4-003 Thermal zone + KIND_THERMAL_ZONE + KIND_COOLING_DEVICE #3	M	R31-M1-001	src/kernel/drivers/thermal/*.pdx	Thermal zone + KIND_THERMAL_ZONE + KIND_COOLING_DEVICE (auto-scaffold; refine at body-drafting)
paideia-os	r31-platform-ec	R31	R31-M5-001	R31.M5-001 Fan control + PWM cooling #1	M	R31-M1-001	src/kernel/drivers/fan.pdx	Fan control + PWM cooling (auto-scaffold; refine at body-drafting)
paideia-os	r31-platform-ec	R31	R31-M5-002	R31.M5-002 Fan control + PWM cooling #2	M	R31-M1-001	src/kernel/drivers/fan.pdx	Fan control + PWM cooling (auto-scaffold; refine at body-drafting)
paideia-os	r31-platform-ec	R31	R31-M5-003	R31.M5-003 Fan control + PWM cooling #3	M	R31-M1-001	src/kernel/drivers/fan.pdx	Fan control + PWM cooling (auto-scaffold; refine at body-drafting)
paideia-os	r31-platform-ec	R31	R31-M6-001	R31.M6-001 Backlight (PWM + DP-AUX) + KIND_BACKLIGHT cap #1	M	R31-M1-001	src/kernel/drivers/backlight/*.pdx	Backlight (PWM + DP-AUX) + KIND_BACKLIGHT cap (auto-scaffold; refine at body-drafting)
paideia-os	r31-platform-ec	R31	R31-M6-002	R31.M6-002 Backlight (PWM + DP-AUX) + KIND_BACKLIGHT cap #2	M	R31-M1-001	src/kernel/drivers/backlight/*.pdx	Backlight (PWM + DP-AUX) + KIND_BACKLIGHT cap (auto-scaffold; refine at body-drafting)
paideia-os	r31-platform-ec	R31	R31-M6-003	R31.M6-003 Backlight (PWM + DP-AUX) + KIND_BACKLIGHT cap #3	M	R31-M1-001	src/kernel/drivers/backlight/*.pdx	Backlight (PWM + DP-AUX) + KIND_BACKLIGHT cap (auto-scaffold; refine at body-drafting)
paideia-os	r31-platform-ec	R31	R31-M7-001	R31.M7-001 Hotkeys + lid + power button + ThinkPad HKEY events #1	M	R31-M1-001	src/kernel/drivers/hotkey/*.pdx	Hotkeys + lid + power button + ThinkPad HKEY events (auto-scaffold; refine at body-drafting)
paideia-os	r31-platform-ec	R31	R31-M7-002	R31.M7-002 Hotkeys + lid + power button + ThinkPad HKEY events #2	M	R31-M1-001	src/kernel/drivers/hotkey/*.pdx	Hotkeys + lid + power button + ThinkPad HKEY events (auto-scaffold; refine at body-drafting)
paideia-os	r31-platform-ec	R31	R31-M7-003	R31.M7-003 Hotkeys + lid + power button + ThinkPad HKEY events #3	M	R31-M1-001	src/kernel/drivers/hotkey/*.pdx	Hotkeys + lid + power button + ThinkPad HKEY events (auto-scaffold; refine at body-drafting)
paideia-os	r31-platform-ec	R31	R31-M8-001	R31.M8-001 Accelerometer + ambient light sensor via I2C-HID #1	M	R31-M1-001	src/kernel/drivers/sensors/als.pdx	Accelerometer + ambient light sensor via I2C-HID (auto-scaffold; refine at body-drafting)
paideia-os	r31-platform-ec	R31	R31-M8-002	R31.M8-002 Accelerometer + ambient light sensor via I2C-HID #2	M	R31-M1-001	src/kernel/drivers/sensors/als.pdx	Accelerometer + ambient light sensor via I2C-HID (auto-scaffold; refine at body-drafting)
paideia-os	r31-platform-ec	R31	R31-M9-001	R31.M9-001 QEMU + T14 recipe hw-smoke-r31.md #1	M	R31-M1-001	tools/hw-smoke-r31.md	QEMU + T14 recipe hw-smoke-r31.md (auto-scaffold; refine at body-drafting)
paideia-os	r31-platform-ec	R31	R31-M9-002	R31.M9-002 QEMU + T14 recipe hw-smoke-r31.md #2	M	R31-M1-001	tools/hw-smoke-r31.md	QEMU + T14 recipe hw-smoke-r31.md (auto-scaffold; refine at body-drafting)
paideia-os	r32-hid-sensors	R32	R32-M1-001	R32.M1-001 I2C-HID transport + KIND_HID_DEVICE mint #1	M	R30-M8-001	src/kernel/drivers/hid/i2c_hid.pdx	I2C-HID transport + KIND_HID_DEVICE mint (auto-scaffold; refine at body-drafting)
paideia-os	r32-hid-sensors	R32	R32-M1-002	R32.M1-002 I2C-HID transport + KIND_HID_DEVICE mint #2	M	R32-M1-001	src/kernel/drivers/hid/i2c_hid.pdx	I2C-HID transport + KIND_HID_DEVICE mint (auto-scaffold; refine at body-drafting)
paideia-os	r32-hid-sensors	R32	R32-M1-003	R32.M1-003 I2C-HID transport + KIND_HID_DEVICE mint #3	M	R32-M1-001	src/kernel/drivers/hid/i2c_hid.pdx	I2C-HID transport + KIND_HID_DEVICE mint (auto-scaffold; refine at body-drafting)
paideia-os	r32-hid-sensors	R32	R32-M1-004	R32.M1-004 I2C-HID transport + KIND_HID_DEVICE mint #4	M	R32-M1-001	src/kernel/drivers/hid/i2c_hid.pdx	I2C-HID transport + KIND_HID_DEVICE mint (auto-scaffold; refine at body-drafting)
paideia-os	r32-hid-sensors	R32	R32-M2-001	R32.M2-001 HID report-descriptor compiler + parser #1	M	R32-M1-001	src/kernel/drivers/hid/descriptor.pdx	HID report-descriptor compiler + parser (auto-scaffold; refine at body-drafting)
paideia-os	r32-hid-sensors	R32	R32-M2-002	R32.M2-002 HID report-descriptor compiler + parser #2	M	R32-M1-001	src/kernel/drivers/hid/descriptor.pdx	HID report-descriptor compiler + parser (auto-scaffold; refine at body-drafting)
paideia-os	r32-hid-sensors	R32	R32-M2-003	R32.M2-003 HID report-descriptor compiler + parser #3	M	R32-M1-001	src/kernel/drivers/hid/descriptor.pdx	HID report-descriptor compiler + parser (auto-scaffold; refine at body-drafting)
paideia-os	r32-hid-sensors	R32	R32-M2-004	R32.M2-004 HID report-descriptor compiler + parser #4	M	R32-M1-001	src/kernel/drivers/hid/descriptor.pdx	HID report-descriptor compiler + parser (auto-scaffold; refine at body-drafting)
paideia-os	r32-hid-sensors	R32	R32-M3-001	R32.M3-001 Unified KIND_HID_EVENT stream + subscribe path #1	M	R32-M1-001	src/kernel/drivers/hid/event_stream.pdx	Unified KIND_HID_EVENT stream + subscribe path (auto-scaffold; refine at body-drafting)
paideia-os	r32-hid-sensors	R32	R32-M3-002	R32.M3-002 Unified KIND_HID_EVENT stream + subscribe path #2	M	R32-M1-001	src/kernel/drivers/hid/event_stream.pdx	Unified KIND_HID_EVENT stream + subscribe path (auto-scaffold; refine at body-drafting)
paideia-os	r32-hid-sensors	R32	R32-M3-003	R32.M3-003 Unified KIND_HID_EVENT stream + subscribe path #3	M	R32-M1-001	src/kernel/drivers/hid/event_stream.pdx	Unified KIND_HID_EVENT stream + subscribe path (auto-scaffold; refine at body-drafting)
paideia-os	r32-hid-sensors	R32	R32-M3-004	R32.M3-004 Unified KIND_HID_EVENT stream + subscribe path #4	M	R32-M1-001	src/kernel/drivers/hid/event_stream.pdx	Unified KIND_HID_EVENT stream + subscribe path (auto-scaffold; refine at body-drafting)
paideia-os	r32-hid-sensors	R32	R32-M4-001	R32.M4-001 Synaptics/ELAN touchpad driver + TrackPoint I2C-HID tunnel #1	M	R32-M1-001	src/kernel/drivers/touchpad/*.pdx	Synaptics/ELAN touchpad driver + TrackPoint I2C-HID tunnel (auto-scaffold; refine at body-drafting)
paideia-os	r32-hid-sensors	R32	R32-M4-002	R32.M4-002 Synaptics/ELAN touchpad driver + TrackPoint I2C-HID tunnel #2	M	R32-M1-001	src/kernel/drivers/touchpad/*.pdx	Synaptics/ELAN touchpad driver + TrackPoint I2C-HID tunnel (auto-scaffold; refine at body-drafting)
paideia-os	r32-hid-sensors	R32	R32-M4-003	R32.M4-003 Synaptics/ELAN touchpad driver + TrackPoint I2C-HID tunnel #3	M	R32-M1-001	src/kernel/drivers/touchpad/*.pdx	Synaptics/ELAN touchpad driver + TrackPoint I2C-HID tunnel (auto-scaffold; refine at body-drafting)
paideia-os	r32-hid-sensors	R32	R32-M5-001	R32.M5-001 Sensor hub + KIND_SENSOR_CHANNEL #1	M	R32-M1-001	src/kernel/drivers/sensors/hub.pdx	Sensor hub + KIND_SENSOR_CHANNEL (auto-scaffold; refine at body-drafting)
paideia-os	r32-hid-sensors	R32	R32-M5-002	R32.M5-002 Sensor hub + KIND_SENSOR_CHANNEL #2	M	R32-M1-001	src/kernel/drivers/sensors/hub.pdx	Sensor hub + KIND_SENSOR_CHANNEL (auto-scaffold; refine at body-drafting)
paideia-os	r32-hid-sensors	R32	R32-M5-003	R32.M5-003 Sensor hub + KIND_SENSOR_CHANNEL #3	M	R32-M1-001	src/kernel/drivers/sensors/hub.pdx	Sensor hub + KIND_SENSOR_CHANNEL (auto-scaffold; refine at body-drafting)
paideia-os	r32-hid-sensors	R32	R32-M6-001	R32.M6-001 Gesture recognizer over touch stream #1	M	R32-M1-001	src/kernel/drivers/hid/gesture.pdx	Gesture recognizer over touch stream (auto-scaffold; refine at body-drafting)
paideia-os	r32-hid-sensors	R32	R32-M6-002	R32.M6-002 Gesture recognizer over touch stream #2	M	R32-M1-001	src/kernel/drivers/hid/gesture.pdx	Gesture recognizer over touch stream (auto-scaffold; refine at body-drafting)
paideia-os	r32-hid-sensors	R32	R32-M7-001	R32.M7-001 QEMU synth fixture + T14 recipe hw-smoke-r32.md #1	M	R32-M1-001	tools/hw-smoke-r32.md	QEMU synth fixture + T14 recipe hw-smoke-r32.md (auto-scaffold; refine at body-drafting)
paideia-os	r32-hid-sensors	R32	R32-M7-002	R32.M7-002 QEMU synth fixture + T14 recipe hw-smoke-r32.md #2	M	R32-M1-001	tools/hw-smoke-r32.md	QEMU synth fixture + T14 recipe hw-smoke-r32.md (auto-scaffold; refine at body-drafting)
paideia-os	r33-audio-hda-sof	R33	R33-M1-001	R33.M1-001 HDA controller MMIO + KIND_AUDIO_CONTROLLER #1	M	R30-M8-001	src/kernel/drivers/audio/hda_controller.pdx	HDA controller MMIO + KIND_AUDIO_CONTROLLER (auto-scaffold; refine at body-drafting)
paideia-os	r33-audio-hda-sof	R33	R33-M1-002	R33.M1-002 HDA controller MMIO + KIND_AUDIO_CONTROLLER #2	M	R33-M1-001	src/kernel/drivers/audio/hda_controller.pdx	HDA controller MMIO + KIND_AUDIO_CONTROLLER (auto-scaffold; refine at body-drafting)
paideia-os	r33-audio-hda-sof	R33	R33-M1-003	R33.M1-003 HDA controller MMIO + KIND_AUDIO_CONTROLLER #3	M	R33-M1-001	src/kernel/drivers/audio/hda_controller.pdx	HDA controller MMIO + KIND_AUDIO_CONTROLLER (auto-scaffold; refine at body-drafting)
paideia-os	r33-audio-hda-sof	R33	R33-M1-004	R33.M1-004 HDA controller MMIO + KIND_AUDIO_CONTROLLER #4	M	R33-M1-001	src/kernel/drivers/audio/hda_controller.pdx	HDA controller MMIO + KIND_AUDIO_CONTROLLER (auto-scaffold; refine at body-drafting)
paideia-os	r33-audio-hda-sof	R33	R33-M2-001	R33.M2-001 ALC287 codec driver + widget graph traversal #1	M	R33-M1-001	src/kernel/drivers/audio/codec_alc287.pdx	ALC287 codec driver + widget graph traversal (auto-scaffold; refine at body-drafting)
paideia-os	r33-audio-hda-sof	R33	R33-M2-002	R33.M2-002 ALC287 codec driver + widget graph traversal #2	M	R33-M1-001	src/kernel/drivers/audio/codec_alc287.pdx	ALC287 codec driver + widget graph traversal (auto-scaffold; refine at body-drafting)
paideia-os	r33-audio-hda-sof	R33	R33-M2-003	R33.M2-003 ALC287 codec driver + widget graph traversal #3	M	R33-M1-001	src/kernel/drivers/audio/codec_alc287.pdx	ALC287 codec driver + widget graph traversal (auto-scaffold; refine at body-drafting)
paideia-os	r33-audio-hda-sof	R33	R33-M2-004	R33.M2-004 ALC287 codec driver + widget graph traversal #4	M	R33-M1-001	src/kernel/drivers/audio/codec_alc287.pdx	ALC287 codec driver + widget graph traversal (auto-scaffold; refine at body-drafting)
paideia-os	r33-audio-hda-sof	R33	R33-M3-001	R33.M3-001 KIND_PCM_STREAM + ring buffer + interrupt path #1	M	R33-M1-001	src/kernel/drivers/audio/pcm_stream.pdx	KIND_PCM_STREAM + ring buffer + interrupt path (auto-scaffold; refine at body-drafting)
paideia-os	r33-audio-hda-sof	R33	R33-M3-002	R33.M3-002 KIND_PCM_STREAM + ring buffer + interrupt path #2	M	R33-M1-001	src/kernel/drivers/audio/pcm_stream.pdx	KIND_PCM_STREAM + ring buffer + interrupt path (auto-scaffold; refine at body-drafting)
paideia-os	r33-audio-hda-sof	R33	R33-M3-003	R33.M3-003 KIND_PCM_STREAM + ring buffer + interrupt path #3	M	R33-M1-001	src/kernel/drivers/audio/pcm_stream.pdx	KIND_PCM_STREAM + ring buffer + interrupt path (auto-scaffold; refine at body-drafting)
paideia-os	r33-audio-hda-sof	R33	R33-M3-004	R33.M3-004 KIND_PCM_STREAM + ring buffer + interrupt path #4	M	R33-M1-001	src/kernel/drivers/audio/pcm_stream.pdx	KIND_PCM_STREAM + ring buffer + interrupt path (auto-scaffold; refine at body-drafting)
paideia-os	r33-audio-hda-sof	R33	R33-M4-001	R33.M4-001 KIND_AUDIO_CLOCK derived over KIND_HW_TIMELINE (first non-GPU timeline) #1	M	R33-M1-001	src/kernel/core/cap/kind_audio_clock.pdx	KIND_AUDIO_CLOCK derived over KIND_HW_TIMELINE (first non-GPU timeline) (auto-scaffold; refine at body-drafting)
paideia-os	r33-audio-hda-sof	R33	R33-M4-002	R33.M4-002 KIND_AUDIO_CLOCK derived over KIND_HW_TIMELINE (first non-GPU timeline) #2	M	R33-M1-001	src/kernel/core/cap/kind_audio_clock.pdx	KIND_AUDIO_CLOCK derived over KIND_HW_TIMELINE (first non-GPU timeline) (auto-scaffold; refine at body-drafting)
paideia-os	r33-audio-hda-sof	R33	R33-M4-003	R33.M4-003 KIND_AUDIO_CLOCK derived over KIND_HW_TIMELINE (first non-GPU timeline) #3	M	R33-M1-001	src/kernel/core/cap/kind_audio_clock.pdx	KIND_AUDIO_CLOCK derived over KIND_HW_TIMELINE (first non-GPU timeline) (auto-scaffold; refine at body-drafting)
paideia-os	r33-audio-hda-sof	R33	R33-M5-001	R33.M5-001 audio_supervisor service (userspace) #1	M	R33-M1-001	src/user/audio_supervisor/*.pdx	audio_supervisor service (userspace) (auto-scaffold; refine at body-drafting)
paideia-os	r33-audio-hda-sof	R33	R33-M5-002	R33.M5-002 audio_supervisor service (userspace) #2	M	R33-M1-001	src/user/audio_supervisor/*.pdx	audio_supervisor service (userspace) (auto-scaffold; refine at body-drafting)
paideia-os	r33-audio-hda-sof	R33	R33-M5-003	R33.M5-003 audio_supervisor service (userspace) #3	M	R33-M1-001	src/user/audio_supervisor/*.pdx	audio_supervisor service (userspace) (auto-scaffold; refine at body-drafting)
paideia-os	r33-audio-hda-sof	R33	R33-M6-001	R33.M6-001 Optional SOF firmware loader (dual-signature per D1.a) #1	M	R33-M1-001	src/kernel/drivers/audio/sof_loader.pdx	Optional SOF firmware loader (dual-signature per D1.a) (auto-scaffold; refine at body-drafting)
paideia-os	r33-audio-hda-sof	R33	R33-M6-002	R33.M6-002 Optional SOF firmware loader (dual-signature per D1.a) #2	M	R33-M1-001	src/kernel/drivers/audio/sof_loader.pdx	Optional SOF firmware loader (dual-signature per D1.a) (auto-scaffold; refine at body-drafting)
paideia-os	r33-audio-hda-sof	R33	R33-M6-003	R33.M6-003 Optional SOF firmware loader (dual-signature per D1.a) #3	M	R33-M1-001	src/kernel/drivers/audio/sof_loader.pdx	Optional SOF firmware loader (dual-signature per D1.a) (auto-scaffold; refine at body-drafting)
paideia-os	r33-audio-hda-sof	R33	R33-M7-001	R33.M7-001 Jack detect + KIND_AUDIO_ROUTE #1	M	R33-M1-001	src/kernel/drivers/audio/jack.pdx	Jack detect + KIND_AUDIO_ROUTE (auto-scaffold; refine at body-drafting)
paideia-os	r33-audio-hda-sof	R33	R33-M7-002	R33.M7-002 Jack detect + KIND_AUDIO_ROUTE #2	M	R33-M1-001	src/kernel/drivers/audio/jack.pdx	Jack detect + KIND_AUDIO_ROUTE (auto-scaffold; refine at body-drafting)
paideia-os	r33-audio-hda-sof	R33	R33-M7-003	R33.M7-003 Jack detect + KIND_AUDIO_ROUTE #3	M	R33-M1-001	src/kernel/drivers/audio/jack.pdx	Jack detect + KIND_AUDIO_ROUTE (auto-scaffold; refine at body-drafting)
paideia-os	r33-audio-hda-sof	R33	R33-M8-001	R33.M8-001 Volume + mute + mixer via widget graph #1	M	R33-M1-001	src/user/audio_supervisor/mixer.pdx	Volume + mute + mixer via widget graph (auto-scaffold; refine at body-drafting)
paideia-os	r33-audio-hda-sof	R33	R33-M8-002	R33.M8-002 Volume + mute + mixer via widget graph #2	M	R33-M1-001	src/user/audio_supervisor/mixer.pdx	Volume + mute + mixer via widget graph (auto-scaffold; refine at body-drafting)
paideia-os	r33-audio-hda-sof	R33	R33-M8-003	R33.M8-003 Volume + mute + mixer via widget graph #3	M	R33-M1-001	src/user/audio_supervisor/mixer.pdx	Volume + mute + mixer via widget graph (auto-scaffold; refine at body-drafting)
paideia-os	r33-audio-hda-sof	R33	R33-M9-001	R33.M9-001 QEMU AC97/ich-hda fixture + T14 hw-smoke-r33.md #1	M	R33-M1-001	tools/hw-smoke-r33.md	QEMU AC97/ich-hda fixture + T14 hw-smoke-r33.md (auto-scaffold; refine at body-drafting)
paideia-os	r33-audio-hda-sof	R33	R33-M9-002	R33.M9-002 QEMU AC97/ich-hda fixture + T14 hw-smoke-r33.md #2	M	R33-M1-001	tools/hw-smoke-r33.md	QEMU AC97/ich-hda fixture + T14 hw-smoke-r33.md (auto-scaffold; refine at body-drafting)
paideia-os	r33-audio-hda-sof	R33	R33-M9-003	R33.M9-003 QEMU AC97/ich-hda fixture + T14 hw-smoke-r33.md #3	M	R33-M1-001	tools/hw-smoke-r33.md	QEMU AC97/ich-hda fixture + T14 hw-smoke-r33.md (auto-scaffold; refine at body-drafting)
paideia-os	r34-usb-fabric	R34	R34-M1-001	R34.M1-001 USB hub cascading + KIND_USB_HUB #1	M	R28 MVP xHCI	src/kernel/drivers/usb/hub.pdx	USB hub cascading + KIND_USB_HUB (auto-scaffold; refine at body-drafting)
paideia-os	r34-usb-fabric	R34	R34-M1-002	R34.M1-002 USB hub cascading + KIND_USB_HUB #2	M	R34-M1-001	src/kernel/drivers/usb/hub.pdx	USB hub cascading + KIND_USB_HUB (auto-scaffold; refine at body-drafting)
paideia-os	r34-usb-fabric	R34	R34-M1-003	R34.M1-003 USB hub cascading + KIND_USB_HUB #3	M	R34-M1-001	src/kernel/drivers/usb/hub.pdx	USB hub cascading + KIND_USB_HUB (auto-scaffold; refine at body-drafting)
paideia-os	r34-usb-fabric	R34	R34-M1-004	R34.M1-004 USB hub cascading + KIND_USB_HUB #4	M	R34-M1-001	src/kernel/drivers/usb/hub.pdx	USB hub cascading + KIND_USB_HUB (auto-scaffold; refine at body-drafting)
paideia-os	r34-usb-fabric	R34	R34-M2-001	R34.M2-001 Mass-storage (BOT + UAS) driver #1	M	R34-M1-001	src/kernel/drivers/usb/msc.pdx	Mass-storage (BOT + UAS) driver (auto-scaffold; refine at body-drafting)
paideia-os	r34-usb-fabric	R34	R34-M2-002	R34.M2-002 Mass-storage (BOT + UAS) driver #2	M	R34-M1-001	src/kernel/drivers/usb/msc.pdx	Mass-storage (BOT + UAS) driver (auto-scaffold; refine at body-drafting)
paideia-os	r34-usb-fabric	R34	R34-M2-003	R34.M2-003 Mass-storage (BOT + UAS) driver #3	M	R34-M1-001	src/kernel/drivers/usb/msc.pdx	Mass-storage (BOT + UAS) driver (auto-scaffold; refine at body-drafting)
paideia-os	r34-usb-fabric	R34	R34-M2-004	R34.M2-004 Mass-storage (BOT + UAS) driver #4	M	R34-M1-001	src/kernel/drivers/usb/msc.pdx	Mass-storage (BOT + UAS) driver (auto-scaffold; refine at body-drafting)
paideia-os	r34-usb-fabric	R34	R34-M3-001	R34.M3-001 Full USB-HID beyond boot proto + KIND_USB_INTERFACE + KIND_USB_ENDPOINT #1	M	R34-M1-001	src/kernel/drivers/usb/hid_full.pdx	Full USB-HID beyond boot proto + KIND_USB_INTERFACE + KIND_USB_ENDPOINT (auto-scaffold; refine at body-drafting)
paideia-os	r34-usb-fabric	R34	R34-M3-002	R34.M3-002 Full USB-HID beyond boot proto + KIND_USB_INTERFACE + KIND_USB_ENDPOINT #2	M	R34-M1-001	src/kernel/drivers/usb/hid_full.pdx	Full USB-HID beyond boot proto + KIND_USB_INTERFACE + KIND_USB_ENDPOINT (auto-scaffold; refine at body-drafting)
paideia-os	r34-usb-fabric	R34	R34-M3-003	R34.M3-003 Full USB-HID beyond boot proto + KIND_USB_INTERFACE + KIND_USB_ENDPOINT #3	M	R34-M1-001	src/kernel/drivers/usb/hid_full.pdx	Full USB-HID beyond boot proto + KIND_USB_INTERFACE + KIND_USB_ENDPOINT (auto-scaffold; refine at body-drafting)
paideia-os	r34-usb-fabric	R34	R34-M3-004	R34.M3-004 Full USB-HID beyond boot proto + KIND_USB_INTERFACE + KIND_USB_ENDPOINT #4	M	R34-M1-001	src/kernel/drivers/usb/hid_full.pdx	Full USB-HID beyond boot proto + KIND_USB_INTERFACE + KIND_USB_ENDPOINT (auto-scaffold; refine at body-drafting)
paideia-os	r34-usb-fabric	R34	R34-M4-001	R34.M4-001 Isoch stream substrate + KIND_ISOCH_STREAM #1	M	R34-M1-001	src/kernel/drivers/usb/isoch.pdx	Isoch stream substrate + KIND_ISOCH_STREAM (auto-scaffold; refine at body-drafting)
paideia-os	r34-usb-fabric	R34	R34-M4-002	R34.M4-002 Isoch stream substrate + KIND_ISOCH_STREAM #2	M	R34-M1-001	src/kernel/drivers/usb/isoch.pdx	Isoch stream substrate + KIND_ISOCH_STREAM (auto-scaffold; refine at body-drafting)
paideia-os	r34-usb-fabric	R34	R34-M4-003	R34.M4-003 Isoch stream substrate + KIND_ISOCH_STREAM #3	M	R34-M1-001	src/kernel/drivers/usb/isoch.pdx	Isoch stream substrate + KIND_ISOCH_STREAM (auto-scaffold; refine at body-drafting)
paideia-os	r34-usb-fabric	R34	R34-M4-004	R34.M4-004 Isoch stream substrate + KIND_ISOCH_STREAM #4	M	R34-M1-001	src/kernel/drivers/usb/isoch.pdx	Isoch stream substrate + KIND_ISOCH_STREAM (auto-scaffold; refine at body-drafting)
paideia-os	r34-usb-fabric	R34	R34-M5-001	R34.M5-001 Goodix/Synaptics fingerprint driver + KIND_FP_SENSOR #1	M	R34-M1-001	src/kernel/drivers/fp/*.pdx	Goodix/Synaptics fingerprint driver + KIND_FP_SENSOR (auto-scaffold; refine at body-drafting)
paideia-os	r34-usb-fabric	R34	R34-M5-002	R34.M5-002 Goodix/Synaptics fingerprint driver + KIND_FP_SENSOR #2	M	R34-M1-001	src/kernel/drivers/fp/*.pdx	Goodix/Synaptics fingerprint driver + KIND_FP_SENSOR (auto-scaffold; refine at body-drafting)
paideia-os	r34-usb-fabric	R34	R34-M5-003	R34.M5-003 Goodix/Synaptics fingerprint driver + KIND_FP_SENSOR #3	M	R34-M1-001	src/kernel/drivers/fp/*.pdx	Goodix/Synaptics fingerprint driver + KIND_FP_SENSOR (auto-scaffold; refine at body-drafting)
paideia-os	r34-usb-fabric	R34	R34-M5-004	R34.M5-004 Goodix/Synaptics fingerprint driver + KIND_FP_SENSOR #4	M	R34-M1-001	src/kernel/drivers/fp/*.pdx	Goodix/Synaptics fingerprint driver + KIND_FP_SENSOR (auto-scaffold; refine at body-drafting)
paideia-os	r34-usb-fabric	R34	R34-M6-001	R34.M6-001 USB device enumeration + descriptor parser #1	M	R34-M1-001	src/kernel/drivers/usb/enum.pdx	USB device enumeration + descriptor parser (auto-scaffold; refine at body-drafting)
paideia-os	r34-usb-fabric	R34	R34-M6-002	R34.M6-002 USB device enumeration + descriptor parser #2	M	R34-M1-001	src/kernel/drivers/usb/enum.pdx	USB device enumeration + descriptor parser (auto-scaffold; refine at body-drafting)
paideia-os	r34-usb-fabric	R34	R34-M6-003	R34.M6-003 USB device enumeration + descriptor parser #3	M	R34-M1-001	src/kernel/drivers/usb/enum.pdx	USB device enumeration + descriptor parser (auto-scaffold; refine at body-drafting)
paideia-os	r34-usb-fabric	R34	R34-M7-001	R34.M7-001 USB power management + suspend/resume #1	M	R34-M1-001	src/kernel/drivers/usb/pm.pdx	USB power management + suspend/resume (auto-scaffold; refine at body-drafting)
paideia-os	r34-usb-fabric	R34	R34-M7-002	R34.M7-002 USB power management + suspend/resume #2	M	R34-M1-001	src/kernel/drivers/usb/pm.pdx	USB power management + suspend/resume (auto-scaffold; refine at body-drafting)
paideia-os	r34-usb-fabric	R34	R34-M7-003	R34.M7-003 USB power management + suspend/resume #3	M	R34-M1-001	src/kernel/drivers/usb/pm.pdx	USB power management + suspend/resume (auto-scaffold; refine at body-drafting)
paideia-os	r34-usb-fabric	R34	R34-M8-001	R34.M8-001 QEMU qemu-xhci fixture + T14 hw-smoke-r34.md #1	M	R34-M1-001	tools/hw-smoke-r34.md	QEMU qemu-xhci fixture + T14 hw-smoke-r34.md (auto-scaffold; refine at body-drafting)
paideia-os	r34-usb-fabric	R34	R34-M8-002	R34.M8-002 QEMU qemu-xhci fixture + T14 hw-smoke-r34.md #2	M	R34-M1-001	tools/hw-smoke-r34.md	QEMU qemu-xhci fixture + T14 hw-smoke-r34.md (auto-scaffold; refine at body-drafting)
paideia-os	r35-thunderbolt	R35	R35-M1-001	R35.M1-001 NHI MMIO + KIND_TB_DOMAIN mint #1	M	R22 VT-d+IR	src/kernel/drivers/tb4/nhi.pdx	NHI MMIO + KIND_TB_DOMAIN mint (auto-scaffold; refine at body-drafting)
paideia-os	r35-thunderbolt	R35	R35-M1-002	R35.M1-002 NHI MMIO + KIND_TB_DOMAIN mint #2	M	R35-M1-001	src/kernel/drivers/tb4/nhi.pdx	NHI MMIO + KIND_TB_DOMAIN mint (auto-scaffold; refine at body-drafting)
paideia-os	r35-thunderbolt	R35	R35-M1-003	R35.M1-003 NHI MMIO + KIND_TB_DOMAIN mint #3	M	R35-M1-001	src/kernel/drivers/tb4/nhi.pdx	NHI MMIO + KIND_TB_DOMAIN mint (auto-scaffold; refine at body-drafting)
paideia-os	r35-thunderbolt	R35	R35-M1-004	R35.M1-004 NHI MMIO + KIND_TB_DOMAIN mint #4	M	R35-M1-001	src/kernel/drivers/tb4/nhi.pdx	NHI MMIO + KIND_TB_DOMAIN mint (auto-scaffold; refine at body-drafting)
paideia-os	r35-thunderbolt	R35	R35-M1-005	R35.M1-005 NHI MMIO + KIND_TB_DOMAIN mint #5	M	R35-M1-001	src/kernel/drivers/tb4/nhi.pdx	NHI MMIO + KIND_TB_DOMAIN mint (auto-scaffold; refine at body-drafting)
paideia-os	r35-thunderbolt	R35	R35-M2-001	R35.M2-001 Software Connection Manager topology walker #1	M	R35-M1-001	src/kernel/drivers/tb4/cm_walker.pdx	Software Connection Manager topology walker (auto-scaffold; refine at body-drafting)
paideia-os	r35-thunderbolt	R35	R35-M2-002	R35.M2-002 Software Connection Manager topology walker #2	M	R35-M1-001	src/kernel/drivers/tb4/cm_walker.pdx	Software Connection Manager topology walker (auto-scaffold; refine at body-drafting)
paideia-os	r35-thunderbolt	R35	R35-M2-003	R35.M2-003 Software Connection Manager topology walker #3	M	R35-M1-001	src/kernel/drivers/tb4/cm_walker.pdx	Software Connection Manager topology walker (auto-scaffold; refine at body-drafting)
paideia-os	r35-thunderbolt	R35	R35-M2-004	R35.M2-004 Software Connection Manager topology walker #4	M	R35-M1-001	src/kernel/drivers/tb4/cm_walker.pdx	Software Connection Manager topology walker (auto-scaffold; refine at body-drafting)
paideia-os	r35-thunderbolt	R35	R35-M2-005	R35.M2-005 Software Connection Manager topology walker #5	M	R35-M1-001	src/kernel/drivers/tb4/cm_walker.pdx	Software Connection Manager topology walker (auto-scaffold; refine at body-drafting)
paideia-os	r35-thunderbolt	R35	R35-M3-001	R35.M3-001 Tunnel provisioner (PCIe/DP/USB3) + KIND_TB_ROUTE #1	M	R35-M1-001	src/kernel/drivers/tb4/tunnel.pdx	Tunnel provisioner (PCIe/DP/USB3) + KIND_TB_ROUTE (auto-scaffold; refine at body-drafting)
paideia-os	r35-thunderbolt	R35	R35-M3-002	R35.M3-002 Tunnel provisioner (PCIe/DP/USB3) + KIND_TB_ROUTE #2	M	R35-M1-001	src/kernel/drivers/tb4/tunnel.pdx	Tunnel provisioner (PCIe/DP/USB3) + KIND_TB_ROUTE (auto-scaffold; refine at body-drafting)
paideia-os	r35-thunderbolt	R35	R35-M3-003	R35.M3-003 Tunnel provisioner (PCIe/DP/USB3) + KIND_TB_ROUTE #3	M	R35-M1-001	src/kernel/drivers/tb4/tunnel.pdx	Tunnel provisioner (PCIe/DP/USB3) + KIND_TB_ROUTE (auto-scaffold; refine at body-drafting)
paideia-os	r35-thunderbolt	R35	R35-M3-004	R35.M3-004 Tunnel provisioner (PCIe/DP/USB3) + KIND_TB_ROUTE #4	M	R35-M1-001	src/kernel/drivers/tb4/tunnel.pdx	Tunnel provisioner (PCIe/DP/USB3) + KIND_TB_ROUTE (auto-scaffold; refine at body-drafting)
paideia-os	r35-thunderbolt	R35	R35-M3-005	R35.M3-005 Tunnel provisioner (PCIe/DP/USB3) + KIND_TB_ROUTE #5	M	R35-M1-001	src/kernel/drivers/tb4/tunnel.pdx	Tunnel provisioner (PCIe/DP/USB3) + KIND_TB_ROUTE (auto-scaffold; refine at body-drafting)
paideia-os	r35-thunderbolt	R35	R35-M4-001	R35.M4-001 Per-dock IOMMU domain default policy #1	M	R35-M1-001	src/kernel/drivers/tb4/domain_policy.pdx	Per-dock IOMMU domain default policy (auto-scaffold; refine at body-drafting)
paideia-os	r35-thunderbolt	R35	R35-M4-002	R35.M4-002 Per-dock IOMMU domain default policy #2	M	R35-M1-001	src/kernel/drivers/tb4/domain_policy.pdx	Per-dock IOMMU domain default policy (auto-scaffold; refine at body-drafting)
paideia-os	r35-thunderbolt	R35	R35-M4-003	R35.M4-003 Per-dock IOMMU domain default policy #3	M	R35-M1-001	src/kernel/drivers/tb4/domain_policy.pdx	Per-dock IOMMU domain default policy (auto-scaffold; refine at body-drafting)
paideia-os	r35-thunderbolt	R35	R35-M4-004	R35.M4-004 Per-dock IOMMU domain default policy #4	M	R35-M1-001	src/kernel/drivers/tb4/domain_policy.pdx	Per-dock IOMMU domain default policy (auto-scaffold; refine at body-drafting)
paideia-os	r35-thunderbolt	R35	R35-M5-001	R35.M5-001 KIND_DMA_ATTESTATION user-consent flow (R12 mitigation) #1	M	R35-M1-001	src/user/dma_consent/*.pdx src/kernel/core/cap/kind_dma_attestation.pdx	KIND_DMA_ATTESTATION user-consent flow (R12 mitigation) (auto-scaffold; refine at body-drafting)
paideia-os	r35-thunderbolt	R35	R35-M5-002	R35.M5-002 KIND_DMA_ATTESTATION user-consent flow (R12 mitigation) #2	M	R35-M1-001	src/user/dma_consent/*.pdx src/kernel/core/cap/kind_dma_attestation.pdx	KIND_DMA_ATTESTATION user-consent flow (R12 mitigation) (auto-scaffold; refine at body-drafting)
paideia-os	r35-thunderbolt	R35	R35-M5-003	R35.M5-003 KIND_DMA_ATTESTATION user-consent flow (R12 mitigation) #3	M	R35-M1-001	src/user/dma_consent/*.pdx src/kernel/core/cap/kind_dma_attestation.pdx	KIND_DMA_ATTESTATION user-consent flow (R12 mitigation) (auto-scaffold; refine at body-drafting)
paideia-os	r35-thunderbolt	R35	R35-M5-004	R35.M5-004 KIND_DMA_ATTESTATION user-consent flow (R12 mitigation) #4	M	R35-M1-001	src/user/dma_consent/*.pdx src/kernel/core/cap/kind_dma_attestation.pdx	KIND_DMA_ATTESTATION user-consent flow (R12 mitigation) (auto-scaffold; refine at body-drafting)
paideia-os	r35-thunderbolt	R35	R35-M6-001	R35.M6-001 Security-level policy (SL0..SL3) gating (R9 mitigation) #1	M	R35-M1-001	src/kernel/drivers/tb4/security_level.pdx	Security-level policy (SL0..SL3) gating (R9 mitigation) (auto-scaffold; refine at body-drafting)
paideia-os	r35-thunderbolt	R35	R35-M6-002	R35.M6-002 Security-level policy (SL0..SL3) gating (R9 mitigation) #2	M	R35-M1-001	src/kernel/drivers/tb4/security_level.pdx	Security-level policy (SL0..SL3) gating (R9 mitigation) (auto-scaffold; refine at body-drafting)
paideia-os	r35-thunderbolt	R35	R35-M6-003	R35.M6-003 Security-level policy (SL0..SL3) gating (R9 mitigation) #3	M	R35-M1-001	src/kernel/drivers/tb4/security_level.pdx	Security-level policy (SL0..SL3) gating (R9 mitigation) (auto-scaffold; refine at body-drafting)
paideia-os	r35-thunderbolt	R35	R35-M6-004	R35.M6-004 Security-level policy (SL0..SL3) gating (R9 mitigation) #4	M	R35-M1-001	src/kernel/drivers/tb4/security_level.pdx	Security-level policy (SL0..SL3) gating (R9 mitigation) (auto-scaffold; refine at body-drafting)
paideia-os	r35-thunderbolt	R35	R35-M7-001	R35.M7-001 PCIe hot-plug event routing + KIND_PCIE_HOTPLUG_EVENT #1	M	R35-M1-001	src/kernel/drivers/tb4/hotplug.pdx	PCIe hot-plug event routing + KIND_PCIE_HOTPLUG_EVENT (auto-scaffold; refine at body-drafting)
paideia-os	r35-thunderbolt	R35	R35-M7-002	R35.M7-002 PCIe hot-plug event routing + KIND_PCIE_HOTPLUG_EVENT #2	M	R35-M1-001	src/kernel/drivers/tb4/hotplug.pdx	PCIe hot-plug event routing + KIND_PCIE_HOTPLUG_EVENT (auto-scaffold; refine at body-drafting)
paideia-os	r35-thunderbolt	R35	R35-M7-003	R35.M7-003 PCIe hot-plug event routing + KIND_PCIE_HOTPLUG_EVENT #3	M	R35-M1-001	src/kernel/drivers/tb4/hotplug.pdx	PCIe hot-plug event routing + KIND_PCIE_HOTPLUG_EVENT (auto-scaffold; refine at body-drafting)
paideia-os	r35-thunderbolt	R35	R35-M8-001	R35.M8-001 Multi-host arbitration (host router handshake) #1	M	R35-M1-001	src/kernel/drivers/tb4/arbitration.pdx	Multi-host arbitration (host router handshake) (auto-scaffold; refine at body-drafting)
paideia-os	r35-thunderbolt	R35	R35-M8-002	R35.M8-002 Multi-host arbitration (host router handshake) #2	M	R35-M1-001	src/kernel/drivers/tb4/arbitration.pdx	Multi-host arbitration (host router handshake) (auto-scaffold; refine at body-drafting)
paideia-os	r35-thunderbolt	R35	R35-M8-003	R35.M8-003 Multi-host arbitration (host router handshake) #3	M	R35-M1-001	src/kernel/drivers/tb4/arbitration.pdx	Multi-host arbitration (host router handshake) (auto-scaffold; refine at body-drafting)
paideia-os	r35-thunderbolt	R35	R35-M9-001	R35.M9-001 DP-alt-mode negotiation over TB #1	M	R35-M1-001	src/kernel/drivers/tb4/dp_alt.pdx	DP-alt-mode negotiation over TB (auto-scaffold; refine at body-drafting)
paideia-os	r35-thunderbolt	R35	R35-M9-002	R35.M9-002 DP-alt-mode negotiation over TB #2	M	R35-M1-001	src/kernel/drivers/tb4/dp_alt.pdx	DP-alt-mode negotiation over TB (auto-scaffold; refine at body-drafting)
paideia-os	r35-thunderbolt	R35	R35-M9-003	R35.M9-003 DP-alt-mode negotiation over TB #3	M	R35-M1-001	src/kernel/drivers/tb4/dp_alt.pdx	DP-alt-mode negotiation over TB (auto-scaffold; refine at body-drafting)
paideia-os	r35-thunderbolt	R35	R35-M10-001	R35.M10-001 Trusted-device fingerprint enrolment (R12 UX) #1	M	R35-M1-001	src/user/dma_consent/enrol.pdx	Trusted-device fingerprint enrolment (R12 UX) (auto-scaffold; refine at body-drafting)
paideia-os	r35-thunderbolt	R35	R35-M10-002	R35.M10-002 Trusted-device fingerprint enrolment (R12 UX) #2	M	R35-M1-001	src/user/dma_consent/enrol.pdx	Trusted-device fingerprint enrolment (R12 UX) (auto-scaffold; refine at body-drafting)
paideia-os	r35-thunderbolt	R35	R35-M11-001	R35.M11-001 QEMU synth-CM fixture + T14 hw-smoke-r35.md #1	M	R35-M1-001	tools/hw-smoke-r35.md	QEMU synth-CM fixture + T14 hw-smoke-r35.md (auto-scaffold; refine at body-drafting)
paideia-os	r35-thunderbolt	R35	R35-M11-002	R35.M11-002 QEMU synth-CM fixture + T14 hw-smoke-r35.md #2	M	R35-M1-001	tools/hw-smoke-r35.md	QEMU synth-CM fixture + T14 hw-smoke-r35.md (auto-scaffold; refine at body-drafting)
paideia-os	r36-display-substrate	R36	R36-M1-001	R36.M1-001 Display engine MMIO + KIND_DISPLAY_ENGINE #1	M	R22 PCIe	src/kernel/drivers/i915_display/engine.pdx	Display engine MMIO + KIND_DISPLAY_ENGINE (auto-scaffold; refine at body-drafting)
paideia-os	r36-display-substrate	R36	R36-M1-002	R36.M1-002 Display engine MMIO + KIND_DISPLAY_ENGINE #2	M	R36-M1-001	src/kernel/drivers/i915_display/engine.pdx	Display engine MMIO + KIND_DISPLAY_ENGINE (auto-scaffold; refine at body-drafting)
paideia-os	r36-display-substrate	R36	R36-M1-003	R36.M1-003 Display engine MMIO + KIND_DISPLAY_ENGINE #3	M	R36-M1-001	src/kernel/drivers/i915_display/engine.pdx	Display engine MMIO + KIND_DISPLAY_ENGINE (auto-scaffold; refine at body-drafting)
paideia-os	r36-display-substrate	R36	R36-M2-001	R36.M2-001 CDCLK programming + PLL #1	M	R36-M1-001	src/kernel/drivers/i915_display/cdclk.pdx	CDCLK programming + PLL (auto-scaffold; refine at body-drafting)
paideia-os	r36-display-substrate	R36	R36-M2-002	R36.M2-002 CDCLK programming + PLL #2	M	R36-M1-001	src/kernel/drivers/i915_display/cdclk.pdx	CDCLK programming + PLL (auto-scaffold; refine at body-drafting)
paideia-os	r36-display-substrate	R36	R36-M2-003	R36.M2-003 CDCLK programming + PLL #3	M	R36-M1-001	src/kernel/drivers/i915_display/cdclk.pdx	CDCLK programming + PLL (auto-scaffold; refine at body-drafting)
paideia-os	r36-display-substrate	R36	R36-M3-001	R36.M3-001 Pipes + planes + transcoders + DDIs + KIND_DISPLAY_PLANE #1	M	R36-M1-001	src/kernel/drivers/i915_display/pipe.pdx	Pipes + planes + transcoders + DDIs + KIND_DISPLAY_PLANE (auto-scaffold; refine at body-drafting)
paideia-os	r36-display-substrate	R36	R36-M3-002	R36.M3-002 Pipes + planes + transcoders + DDIs + KIND_DISPLAY_PLANE #2	M	R36-M1-001	src/kernel/drivers/i915_display/pipe.pdx	Pipes + planes + transcoders + DDIs + KIND_DISPLAY_PLANE (auto-scaffold; refine at body-drafting)
paideia-os	r36-display-substrate	R36	R36-M3-003	R36.M3-003 Pipes + planes + transcoders + DDIs + KIND_DISPLAY_PLANE #3	M	R36-M1-001	src/kernel/drivers/i915_display/pipe.pdx	Pipes + planes + transcoders + DDIs + KIND_DISPLAY_PLANE (auto-scaffold; refine at body-drafting)
paideia-os	r36-display-substrate	R36	R36-M4-001	R36.M4-001 Atomic modeset transaction + KIND_MODESET_TXN #1	M	R36-M1-001	src/kernel/drivers/i915_display/modeset.pdx	Atomic modeset transaction + KIND_MODESET_TXN (auto-scaffold; refine at body-drafting)
paideia-os	r36-display-substrate	R36	R36-M4-002	R36.M4-002 Atomic modeset transaction + KIND_MODESET_TXN #2	M	R36-M1-001	src/kernel/drivers/i915_display/modeset.pdx	Atomic modeset transaction + KIND_MODESET_TXN (auto-scaffold; refine at body-drafting)
paideia-os	r36-display-substrate	R36	R36-M4-003	R36.M4-003 Atomic modeset transaction + KIND_MODESET_TXN #3	M	R36-M1-001	src/kernel/drivers/i915_display/modeset.pdx	Atomic modeset transaction + KIND_MODESET_TXN (auto-scaffold; refine at body-drafting)
paideia-os	r36-display-substrate	R36	R36-M5-001	R36.M5-001 eDP + HDMI + DP-alt output routing + KIND_DISPLAY_OUTPUT #1	M	R36-M1-001	src/kernel/drivers/i915_display/output.pdx	eDP + HDMI + DP-alt output routing + KIND_DISPLAY_OUTPUT (auto-scaffold; refine at body-drafting)
paideia-os	r36-display-substrate	R36	R36-M5-002	R36.M5-002 eDP + HDMI + DP-alt output routing + KIND_DISPLAY_OUTPUT #2	M	R36-M1-001	src/kernel/drivers/i915_display/output.pdx	eDP + HDMI + DP-alt output routing + KIND_DISPLAY_OUTPUT (auto-scaffold; refine at body-drafting)
paideia-os	r36-display-substrate	R36	R36-M6-001	R36.M6-001 Hotplug detection + edid probe + KIND_DISPLAY_MODE #1	M	R36-M1-001	src/kernel/drivers/i915_display/hotplug.pdx	Hotplug detection + edid probe + KIND_DISPLAY_MODE (auto-scaffold; refine at body-drafting)
paideia-os	r36-display-substrate	R36	R36-M6-002	R36.M6-002 Hotplug detection + edid probe + KIND_DISPLAY_MODE #2	M	R36-M1-001	src/kernel/drivers/i915_display/hotplug.pdx	Hotplug detection + edid probe + KIND_DISPLAY_MODE (auto-scaffold; refine at body-drafting)
paideia-os	r36-display-substrate	R36	R36-M7-001	R36.M7-001 PSR2 panel self-refresh (R13 defer if flaky) #1	M	R36-M1-001	src/kernel/drivers/i915_display/psr2.pdx	PSR2 panel self-refresh (R13 defer if flaky) (auto-scaffold; refine at body-drafting)
paideia-os	r36-display-substrate	R36	R36-M8-001	R36.M8-001 QEMU virtio-gpu fixture + T14 hw-smoke-r36.md #1	M	R36-M1-001	tools/hw-smoke-r36.md	QEMU virtio-gpu fixture + T14 hw-smoke-r36.md (auto-scaffold; refine at body-drafting)
paideia-os	r37-gpu-execution	R37	R37-M1-001	R37.M1-001 GT reset + engine reset per-engine #1	M	R36-M8-001	src/kernel/drivers/i915_gpu/reset.pdx	GT reset + engine reset per-engine (auto-scaffold; refine at body-drafting)
paideia-os	r37-gpu-execution	R37	R37-M1-002	R37.M1-002 GT reset + engine reset per-engine #2	M	R37-M1-001	src/kernel/drivers/i915_gpu/reset.pdx	GT reset + engine reset per-engine (auto-scaffold; refine at body-drafting)
paideia-os	r37-gpu-execution	R37	R37-M1-003	R37.M1-003 GT reset + engine reset per-engine #3	M	R37-M1-001	src/kernel/drivers/i915_gpu/reset.pdx	GT reset + engine reset per-engine (auto-scaffold; refine at body-drafting)
paideia-os	r37-gpu-execution	R37	R37-M1-004	R37.M1-004 GT reset + engine reset per-engine #4	M	R37-M1-001	src/kernel/drivers/i915_gpu/reset.pdx	GT reset + engine reset per-engine (auto-scaffold; refine at body-drafting)
paideia-os	r37-gpu-execution	R37	R37-M2-001	R37.M2-001 GTT + PPGTT + KIND_GPU_VM #1	M	R37-M1-001	src/kernel/drivers/i915_gpu/gtt.pdx src/kernel/core/cap/kind_gpu_vm.pdx	GTT + PPGTT + KIND_GPU_VM (auto-scaffold; refine at body-drafting)
paideia-os	r37-gpu-execution	R37	R37-M2-002	R37.M2-002 GTT + PPGTT + KIND_GPU_VM #2	M	R37-M1-001	src/kernel/drivers/i915_gpu/gtt.pdx src/kernel/core/cap/kind_gpu_vm.pdx	GTT + PPGTT + KIND_GPU_VM (auto-scaffold; refine at body-drafting)
paideia-os	r37-gpu-execution	R37	R37-M2-003	R37.M2-003 GTT + PPGTT + KIND_GPU_VM #3	M	R37-M1-001	src/kernel/drivers/i915_gpu/gtt.pdx src/kernel/core/cap/kind_gpu_vm.pdx	GTT + PPGTT + KIND_GPU_VM (auto-scaffold; refine at body-drafting)
paideia-os	r37-gpu-execution	R37	R37-M2-004	R37.M2-004 GTT + PPGTT + KIND_GPU_VM #4	M	R37-M1-001	src/kernel/drivers/i915_gpu/gtt.pdx src/kernel/core/cap/kind_gpu_vm.pdx	GTT + PPGTT + KIND_GPU_VM (auto-scaffold; refine at body-drafting)
paideia-os	r37-gpu-execution	R37	R37-M3-001	R37.M3-001 BO allocator + KIND_GPU_BO (dma-buf equivalent) #1	M	R37-M1-001	src/kernel/drivers/i915_gpu/bo.pdx	BO allocator + KIND_GPU_BO (dma-buf equivalent) (auto-scaffold; refine at body-drafting)
paideia-os	r37-gpu-execution	R37	R37-M3-002	R37.M3-002 BO allocator + KIND_GPU_BO (dma-buf equivalent) #2	M	R37-M1-001	src/kernel/drivers/i915_gpu/bo.pdx	BO allocator + KIND_GPU_BO (dma-buf equivalent) (auto-scaffold; refine at body-drafting)
paideia-os	r37-gpu-execution	R37	R37-M3-003	R37.M3-003 BO allocator + KIND_GPU_BO (dma-buf equivalent) #3	M	R37-M1-001	src/kernel/drivers/i915_gpu/bo.pdx	BO allocator + KIND_GPU_BO (dma-buf equivalent) (auto-scaffold; refine at body-drafting)
paideia-os	r37-gpu-execution	R37	R37-M3-004	R37.M3-004 BO allocator + KIND_GPU_BO (dma-buf equivalent) #4	M	R37-M1-001	src/kernel/drivers/i915_gpu/bo.pdx	BO allocator + KIND_GPU_BO (dma-buf equivalent) (auto-scaffold; refine at body-drafting)
paideia-os	r37-gpu-execution	R37	R37-M4-001	R37.M4-001 LRC per engine + KIND_GPU_CONTEXT #1	M	R37-M1-001	src/kernel/drivers/i915_gpu/lrc.pdx	LRC per engine + KIND_GPU_CONTEXT (auto-scaffold; refine at body-drafting)
paideia-os	r37-gpu-execution	R37	R37-M4-002	R37.M4-002 LRC per engine + KIND_GPU_CONTEXT #2	M	R37-M1-001	src/kernel/drivers/i915_gpu/lrc.pdx	LRC per engine + KIND_GPU_CONTEXT (auto-scaffold; refine at body-drafting)
paideia-os	r37-gpu-execution	R37	R37-M4-003	R37.M4-003 LRC per engine + KIND_GPU_CONTEXT #3	M	R37-M1-001	src/kernel/drivers/i915_gpu/lrc.pdx	LRC per engine + KIND_GPU_CONTEXT (auto-scaffold; refine at body-drafting)
paideia-os	r37-gpu-execution	R37	R37-M4-004	R37.M4-004 LRC per engine + KIND_GPU_CONTEXT #4	M	R37-M1-001	src/kernel/drivers/i915_gpu/lrc.pdx	LRC per engine + KIND_GPU_CONTEXT (auto-scaffold; refine at body-drafting)
paideia-os	r37-gpu-execution	R37	R37-M5-001	R37.M5-001 Execlists submission + KIND_GPU_SUBMIT #1	M	R37-M1-001	src/kernel/drivers/i915_gpu/execlist.pdx	Execlists submission + KIND_GPU_SUBMIT (auto-scaffold; refine at body-drafting)
paideia-os	r37-gpu-execution	R37	R37-M5-002	R37.M5-002 Execlists submission + KIND_GPU_SUBMIT #2	M	R37-M1-001	src/kernel/drivers/i915_gpu/execlist.pdx	Execlists submission + KIND_GPU_SUBMIT (auto-scaffold; refine at body-drafting)
paideia-os	r37-gpu-execution	R37	R37-M5-003	R37.M5-003 Execlists submission + KIND_GPU_SUBMIT #3	M	R37-M1-001	src/kernel/drivers/i915_gpu/execlist.pdx	Execlists submission + KIND_GPU_SUBMIT (auto-scaffold; refine at body-drafting)
paideia-os	r37-gpu-execution	R37	R37-M5-004	R37.M5-004 Execlists submission + KIND_GPU_SUBMIT #4	M	R37-M1-001	src/kernel/drivers/i915_gpu/execlist.pdx	Execlists submission + KIND_GPU_SUBMIT (auto-scaffold; refine at body-drafting)
paideia-os	r37-gpu-execution	R37	R37-M6-001	R37.M6-001 GPU timeline derived over KIND_HW_TIMELINE + KIND_GPU_TIMELINE #1	M	R37-M1-001	src/kernel/core/cap/kind_gpu_timeline.pdx	GPU timeline derived over KIND_HW_TIMELINE + KIND_GPU_TIMELINE (auto-scaffold; refine at body-drafting)
paideia-os	r37-gpu-execution	R37	R37-M6-002	R37.M6-002 GPU timeline derived over KIND_HW_TIMELINE + KIND_GPU_TIMELINE #2	M	R37-M1-001	src/kernel/core/cap/kind_gpu_timeline.pdx	GPU timeline derived over KIND_HW_TIMELINE + KIND_GPU_TIMELINE (auto-scaffold; refine at body-drafting)
paideia-os	r37-gpu-execution	R37	R37-M6-003	R37.M6-003 GPU timeline derived over KIND_HW_TIMELINE + KIND_GPU_TIMELINE #3	M	R37-M1-001	src/kernel/core/cap/kind_gpu_timeline.pdx	GPU timeline derived over KIND_HW_TIMELINE + KIND_GPU_TIMELINE (auto-scaffold; refine at body-drafting)
paideia-os	r37-gpu-execution	R37	R37-M7-001	R37.M7-001 GuC firmware loader (dual-signature per D1.a) #1	M	R37-M1-001	src/kernel/drivers/i915_gpu/guc_loader.pdx	GuC firmware loader (dual-signature per D1.a) (auto-scaffold; refine at body-drafting)
paideia-os	r37-gpu-execution	R37	R37-M7-002	R37.M7-002 GuC firmware loader (dual-signature per D1.a) #2	M	R37-M1-001	src/kernel/drivers/i915_gpu/guc_loader.pdx	GuC firmware loader (dual-signature per D1.a) (auto-scaffold; refine at body-drafting)
paideia-os	r37-gpu-execution	R37	R37-M7-003	R37.M7-003 GuC firmware loader (dual-signature per D1.a) #3	M	R37-M1-001	src/kernel/drivers/i915_gpu/guc_loader.pdx	GuC firmware loader (dual-signature per D1.a) (auto-scaffold; refine at body-drafting)
paideia-os	r37-gpu-execution	R37	R37-M7-004	R37.M7-004 GuC firmware loader (dual-signature per D1.a) #4	M	R37-M1-001	src/kernel/drivers/i915_gpu/guc_loader.pdx	GuC firmware loader (dual-signature per D1.a) (auto-scaffold; refine at body-drafting)
paideia-os	r37-gpu-execution	R37	R37-M8-001	R37.M8-001 HuC firmware loader (dual-signature) #1	M	R37-M1-001	src/kernel/drivers/i915_gpu/huc_loader.pdx	HuC firmware loader (dual-signature) (auto-scaffold; refine at body-drafting)
paideia-os	r37-gpu-execution	R37	R37-M8-002	R37.M8-002 HuC firmware loader (dual-signature) #2	M	R37-M1-001	src/kernel/drivers/i915_gpu/huc_loader.pdx	HuC firmware loader (dual-signature) (auto-scaffold; refine at body-drafting)
paideia-os	r37-gpu-execution	R37	R37-M8-003	R37.M8-003 HuC firmware loader (dual-signature) #3	M	R37-M1-001	src/kernel/drivers/i915_gpu/huc_loader.pdx	HuC firmware loader (dual-signature) (auto-scaffold; refine at body-drafting)
paideia-os	r37-gpu-execution	R37	R37-M9-001	R37.M9-001 Hang detect + per-engine reset recovery #1	M	R37-M1-001	src/kernel/drivers/i915_gpu/hang.pdx	Hang detect + per-engine reset recovery (auto-scaffold; refine at body-drafting)
paideia-os	r37-gpu-execution	R37	R37-M9-002	R37.M9-002 Hang detect + per-engine reset recovery #2	M	R37-M1-001	src/kernel/drivers/i915_gpu/hang.pdx	Hang detect + per-engine reset recovery (auto-scaffold; refine at body-drafting)
paideia-os	r37-gpu-execution	R37	R37-M9-003	R37.M9-003 Hang detect + per-engine reset recovery #3	M	R37-M1-001	src/kernel/drivers/i915_gpu/hang.pdx	Hang detect + per-engine reset recovery (auto-scaffold; refine at body-drafting)
paideia-os	r37-gpu-execution	R37	R37-M10-001	R37.M10-001 QEMU virtio-gpu structural witness + T14 hw-smoke-r37.md #1	M	R37-M1-001	tools/hw-smoke-r37.md	QEMU virtio-gpu structural witness + T14 hw-smoke-r37.md (auto-scaffold; refine at body-drafting)
paideia-os	r37-gpu-execution	R37	R37-M10-002	R37.M10-002 QEMU virtio-gpu structural witness + T14 hw-smoke-r37.md #2	M	R37-M1-001	tools/hw-smoke-r37.md	QEMU virtio-gpu structural witness + T14 hw-smoke-r37.md (auto-scaffold; refine at body-drafting)
paideia-os	r37-gpu-execution	R37	R37-M10-003	R37.M10-003 QEMU virtio-gpu structural witness + T14 hw-smoke-r37.md #3	M	R37-M1-001	tools/hw-smoke-r37.md	QEMU virtio-gpu structural witness + T14 hw-smoke-r37.md (auto-scaffold; refine at body-drafting)
paideia-os	r38-wifi-ax211	R38	R38-M1-001	R38.M1-001 CNVi transport + KIND_WIFI_PHY (blob-driver, D1.b domain) #1	M	R29 blob-policy + R32 crypto	src/kernel/drivers/wifi/cnvi_transport.pdx	CNVi transport + KIND_WIFI_PHY (blob-driver, D1.b domain) (auto-scaffold; refine at body-drafting)
paideia-os	r38-wifi-ax211	R38	R38-M1-002	R38.M1-002 CNVi transport + KIND_WIFI_PHY (blob-driver, D1.b domain) #2	M	R38-M1-001	src/kernel/drivers/wifi/cnvi_transport.pdx	CNVi transport + KIND_WIFI_PHY (blob-driver, D1.b domain) (auto-scaffold; refine at body-drafting)
paideia-os	r38-wifi-ax211	R38	R38-M1-003	R38.M1-003 CNVi transport + KIND_WIFI_PHY (blob-driver, D1.b domain) #3	M	R38-M1-001	src/kernel/drivers/wifi/cnvi_transport.pdx	CNVi transport + KIND_WIFI_PHY (blob-driver, D1.b domain) (auto-scaffold; refine at body-drafting)
paideia-os	r38-wifi-ax211	R38	R38-M1-004	R38.M1-004 CNVi transport + KIND_WIFI_PHY (blob-driver, D1.b domain) #4	M	R38-M1-001	src/kernel/drivers/wifi/cnvi_transport.pdx	CNVi transport + KIND_WIFI_PHY (blob-driver, D1.b domain) (auto-scaffold; refine at body-drafting)
paideia-os	r38-wifi-ax211	R38	R38-M2-001	R38.M2-001 UMAC firmware loader (dual-signature per D1.a) + boot handshake #1	M	R38-M1-001	src/kernel/drivers/wifi/umac_loader.pdx	UMAC firmware loader (dual-signature per D1.a) + boot handshake (auto-scaffold; refine at body-drafting)
paideia-os	r38-wifi-ax211	R38	R38-M2-002	R38.M2-002 UMAC firmware loader (dual-signature per D1.a) + boot handshake #2	M	R38-M1-001	src/kernel/drivers/wifi/umac_loader.pdx	UMAC firmware loader (dual-signature per D1.a) + boot handshake (auto-scaffold; refine at body-drafting)
paideia-os	r38-wifi-ax211	R38	R38-M2-003	R38.M2-003 UMAC firmware loader (dual-signature per D1.a) + boot handshake #3	M	R38-M1-001	src/kernel/drivers/wifi/umac_loader.pdx	UMAC firmware loader (dual-signature per D1.a) + boot handshake (auto-scaffold; refine at body-drafting)
paideia-os	r38-wifi-ax211	R38	R38-M2-004	R38.M2-004 UMAC firmware loader (dual-signature per D1.a) + boot handshake #4	M	R38-M1-001	src/kernel/drivers/wifi/umac_loader.pdx	UMAC firmware loader (dual-signature per D1.a) + boot handshake (auto-scaffold; refine at body-drafting)
paideia-os	r38-wifi-ax211	R38	R38-M3-001	R38.M3-001 802.11 MAC state machine + KIND_WIFI_VIF #1	M	R38-M1-001	src/kernel/drivers/wifi/mac_fsm.pdx	802.11 MAC state machine + KIND_WIFI_VIF (auto-scaffold; refine at body-drafting)
paideia-os	r38-wifi-ax211	R38	R38-M3-002	R38.M3-002 802.11 MAC state machine + KIND_WIFI_VIF #2	M	R38-M1-001	src/kernel/drivers/wifi/mac_fsm.pdx	802.11 MAC state machine + KIND_WIFI_VIF (auto-scaffold; refine at body-drafting)
paideia-os	r38-wifi-ax211	R38	R38-M3-003	R38.M3-003 802.11 MAC state machine + KIND_WIFI_VIF #3	M	R38-M1-001	src/kernel/drivers/wifi/mac_fsm.pdx	802.11 MAC state machine + KIND_WIFI_VIF (auto-scaffold; refine at body-drafting)
paideia-os	r38-wifi-ax211	R38	R38-M3-004	R38.M3-004 802.11 MAC state machine + KIND_WIFI_VIF #4	M	R38-M1-001	src/kernel/drivers/wifi/mac_fsm.pdx	802.11 MAC state machine + KIND_WIFI_VIF (auto-scaffold; refine at body-drafting)
paideia-os	r38-wifi-ax211	R38	R38-M4-001	R38.M4-001 WPA3-SAE handshake + KIND_WIFI_KEY (sealed) #1	M	R38-M1-001	src/kernel/drivers/wifi/sae.pdx	WPA3-SAE handshake + KIND_WIFI_KEY (sealed) (auto-scaffold; refine at body-drafting)
paideia-os	r38-wifi-ax211	R38	R38-M4-002	R38.M4-002 WPA3-SAE handshake + KIND_WIFI_KEY (sealed) #2	M	R38-M1-001	src/kernel/drivers/wifi/sae.pdx	WPA3-SAE handshake + KIND_WIFI_KEY (sealed) (auto-scaffold; refine at body-drafting)
paideia-os	r38-wifi-ax211	R38	R38-M4-003	R38.M4-003 WPA3-SAE handshake + KIND_WIFI_KEY (sealed) #3	M	R38-M1-001	src/kernel/drivers/wifi/sae.pdx	WPA3-SAE handshake + KIND_WIFI_KEY (sealed) (auto-scaffold; refine at body-drafting)
paideia-os	r38-wifi-ax211	R38	R38-M5-001	R38.M5-001 802.11ax HE-MCS + rate control #1	M	R38-M1-001	src/kernel/drivers/wifi/rate.pdx	802.11ax HE-MCS + rate control (auto-scaffold; refine at body-drafting)
paideia-os	r38-wifi-ax211	R38	R38-M5-002	R38.M5-002 802.11ax HE-MCS + rate control #2	M	R38-M1-001	src/kernel/drivers/wifi/rate.pdx	802.11ax HE-MCS + rate control (auto-scaffold; refine at body-drafting)
paideia-os	r38-wifi-ax211	R38	R38-M5-003	R38.M5-003 802.11ax HE-MCS + rate control #3	M	R38-M1-001	src/kernel/drivers/wifi/rate.pdx	802.11ax HE-MCS + rate control (auto-scaffold; refine at body-drafting)
paideia-os	r38-wifi-ax211	R38	R38-M6-001	R38.M6-001 Regulatory database + country-code enforcement #1	M	R38-M1-001	src/kernel/drivers/wifi/regulatory.pdx	Regulatory database + country-code enforcement (auto-scaffold; refine at body-drafting)
paideia-os	r38-wifi-ax211	R38	R38-M6-002	R38.M6-002 Regulatory database + country-code enforcement #2	M	R38-M1-001	src/kernel/drivers/wifi/regulatory.pdx	Regulatory database + country-code enforcement (auto-scaffold; refine at body-drafting)
paideia-os	r38-wifi-ax211	R38	R38-M6-003	R38.M6-003 Regulatory database + country-code enforcement #3	M	R38-M1-001	src/kernel/drivers/wifi/regulatory.pdx	Regulatory database + country-code enforcement (auto-scaffold; refine at body-drafting)
paideia-os	r38-wifi-ax211	R38	R38-M7-001	R38.M7-001 Scan transaction + KIND_WIFI_SCAN_TXN #1	M	R38-M1-001	src/kernel/drivers/wifi/scan.pdx	Scan transaction + KIND_WIFI_SCAN_TXN (auto-scaffold; refine at body-drafting)
paideia-os	r38-wifi-ax211	R38	R38-M7-002	R38.M7-002 Scan transaction + KIND_WIFI_SCAN_TXN #2	M	R38-M1-001	src/kernel/drivers/wifi/scan.pdx	Scan transaction + KIND_WIFI_SCAN_TXN (auto-scaffold; refine at body-drafting)
paideia-os	r38-wifi-ax211	R38	R38-M7-003	R38.M7-003 Scan transaction + KIND_WIFI_SCAN_TXN #3	M	R38-M1-001	src/kernel/drivers/wifi/scan.pdx	Scan transaction + KIND_WIFI_SCAN_TXN (auto-scaffold; refine at body-drafting)
paideia-os	r38-wifi-ax211	R38	R38-M8-001	R38.M8-001 Beacon parsing + association state machine #1	M	R38-M1-001	src/kernel/drivers/wifi/assoc.pdx	Beacon parsing + association state machine (auto-scaffold; refine at body-drafting)
paideia-os	r38-wifi-ax211	R38	R38-M8-002	R38.M8-002 Beacon parsing + association state machine #2	M	R38-M1-001	src/kernel/drivers/wifi/assoc.pdx	Beacon parsing + association state machine (auto-scaffold; refine at body-drafting)
paideia-os	r38-wifi-ax211	R38	R38-M8-003	R38.M8-003 Beacon parsing + association state machine #3	M	R38-M1-001	src/kernel/drivers/wifi/assoc.pdx	Beacon parsing + association state machine (auto-scaffold; refine at body-drafting)
paideia-os	r38-wifi-ax211	R38	R38-M9-001	R38.M9-001 Wi-Fi supervisor userspace service #1	M	R38-M1-001	src/user/wifi_supervisor/*.pdx	Wi-Fi supervisor userspace service (auto-scaffold; refine at body-drafting)
paideia-os	r38-wifi-ax211	R38	R38-M9-002	R38.M9-002 Wi-Fi supervisor userspace service #2	M	R38-M1-001	src/user/wifi_supervisor/*.pdx	Wi-Fi supervisor userspace service (auto-scaffold; refine at body-drafting)
paideia-os	r38-wifi-ax211	R38	R38-M9-003	R38.M9-003 Wi-Fi supervisor userspace service #3	M	R38-M1-001	src/user/wifi_supervisor/*.pdx	Wi-Fi supervisor userspace service (auto-scaffold; refine at body-drafting)
paideia-os	r38-wifi-ax211	R38	R38-M10-001	R38.M10-001 AX210 discrete PCIe fallback path (R6 mitigation) #1	M	R38-M1-001	src/kernel/drivers/wifi/ax210_fallback.pdx	AX210 discrete PCIe fallback path (R6 mitigation) (auto-scaffold; refine at body-drafting)
paideia-os	r38-wifi-ax211	R38	R38-M10-002	R38.M10-002 AX210 discrete PCIe fallback path (R6 mitigation) #2	M	R38-M1-001	src/kernel/drivers/wifi/ax210_fallback.pdx	AX210 discrete PCIe fallback path (R6 mitigation) (auto-scaffold; refine at body-drafting)
paideia-os	r38-wifi-ax211	R38	R38-M11-001	R38.M11-001 QEMU synth-mac80211 fixture + T14 hw-smoke-r38.md #1	M	R38-M1-001	tools/hw-smoke-r38.md	QEMU synth-mac80211 fixture + T14 hw-smoke-r38.md (auto-scaffold; refine at body-drafting)
paideia-os	r38-wifi-ax211	R38	R38-M11-002	R38.M11-002 QEMU synth-mac80211 fixture + T14 hw-smoke-r38.md #2	M	R38-M1-001	tools/hw-smoke-r38.md	QEMU synth-mac80211 fixture + T14 hw-smoke-r38.md (auto-scaffold; refine at body-drafting)
paideia-os	r39-bluetooth	R39	R39-M1-001	R39.M1-001 BT HCI transport over Intel CNVi + KIND_BT_ADAPTER + KIND_BT_HCI_CHANNEL #1	M	R38 shared CNVi	src/kernel/drivers/bt/hci_cnvi.pdx	BT HCI transport over Intel CNVi + KIND_BT_ADAPTER + KIND_BT_HCI_CHANNEL (auto-scaffold; refine at body-drafting)
paideia-os	r39-bluetooth	R39	R39-M1-002	R39.M1-002 BT HCI transport over Intel CNVi + KIND_BT_ADAPTER + KIND_BT_HCI_CHANNEL #2	M	R39-M1-001	src/kernel/drivers/bt/hci_cnvi.pdx	BT HCI transport over Intel CNVi + KIND_BT_ADAPTER + KIND_BT_HCI_CHANNEL (auto-scaffold; refine at body-drafting)
paideia-os	r39-bluetooth	R39	R39-M1-003	R39.M1-003 BT HCI transport over Intel CNVi + KIND_BT_ADAPTER + KIND_BT_HCI_CHANNEL #3	M	R39-M1-001	src/kernel/drivers/bt/hci_cnvi.pdx	BT HCI transport over Intel CNVi + KIND_BT_ADAPTER + KIND_BT_HCI_CHANNEL (auto-scaffold; refine at body-drafting)
paideia-os	r39-bluetooth	R39	R39-M2-001	R39.M2-001 L2CAP layer + KIND_BT_L2CAP_CHANNEL #1	M	R39-M1-001	src/kernel/drivers/bt/l2cap.pdx	L2CAP layer + KIND_BT_L2CAP_CHANNEL (auto-scaffold; refine at body-drafting)
paideia-os	r39-bluetooth	R39	R39-M2-002	R39.M2-002 L2CAP layer + KIND_BT_L2CAP_CHANNEL #2	M	R39-M1-001	src/kernel/drivers/bt/l2cap.pdx	L2CAP layer + KIND_BT_L2CAP_CHANNEL (auto-scaffold; refine at body-drafting)
paideia-os	r39-bluetooth	R39	R39-M2-003	R39.M2-003 L2CAP layer + KIND_BT_L2CAP_CHANNEL #3	M	R39-M1-001	src/kernel/drivers/bt/l2cap.pdx	L2CAP layer + KIND_BT_L2CAP_CHANNEL (auto-scaffold; refine at body-drafting)
paideia-os	r39-bluetooth	R39	R39-M3-001	R39.M3-001 ATT + GATT + KIND_BT_GATT_CONNECTION #1	M	R39-M1-001	src/kernel/drivers/bt/gatt.pdx	ATT + GATT + KIND_BT_GATT_CONNECTION (auto-scaffold; refine at body-drafting)
paideia-os	r39-bluetooth	R39	R39-M3-002	R39.M3-002 ATT + GATT + KIND_BT_GATT_CONNECTION #2	M	R39-M1-001	src/kernel/drivers/bt/gatt.pdx	ATT + GATT + KIND_BT_GATT_CONNECTION (auto-scaffold; refine at body-drafting)
paideia-os	r39-bluetooth	R39	R39-M3-003	R39.M3-003 ATT + GATT + KIND_BT_GATT_CONNECTION #3	M	R39-M1-001	src/kernel/drivers/bt/gatt.pdx	ATT + GATT + KIND_BT_GATT_CONNECTION (auto-scaffold; refine at body-drafting)
paideia-os	r39-bluetooth	R39	R39-M4-001	R39.M4-001 LE Secure Connections pairing + KIND_BT_PAIRING (sealed) #1	M	R39-M1-001	src/kernel/drivers/bt/le_pairing.pdx	LE Secure Connections pairing + KIND_BT_PAIRING (sealed) (auto-scaffold; refine at body-drafting)
paideia-os	r39-bluetooth	R39	R39-M4-002	R39.M4-002 LE Secure Connections pairing + KIND_BT_PAIRING (sealed) #2	M	R39-M1-001	src/kernel/drivers/bt/le_pairing.pdx	LE Secure Connections pairing + KIND_BT_PAIRING (sealed) (auto-scaffold; refine at body-drafting)
paideia-os	r39-bluetooth	R39	R39-M4-003	R39.M4-003 LE Secure Connections pairing + KIND_BT_PAIRING (sealed) #3	M	R39-M1-001	src/kernel/drivers/bt/le_pairing.pdx	LE Secure Connections pairing + KIND_BT_PAIRING (sealed) (auto-scaffold; refine at body-drafting)
paideia-os	r39-bluetooth	R39	R39-M5-001	R39.M5-001 A2DP profile over Isoch (bridges to R33 audio) #1	M	R39-M1-001	src/kernel/drivers/bt/a2dp.pdx	A2DP profile over Isoch (bridges to R33 audio) (auto-scaffold; refine at body-drafting)
paideia-os	r39-bluetooth	R39	R39-M5-002	R39.M5-002 A2DP profile over Isoch (bridges to R33 audio) #2	M	R39-M1-001	src/kernel/drivers/bt/a2dp.pdx	A2DP profile over Isoch (bridges to R33 audio) (auto-scaffold; refine at body-drafting)
paideia-os	r39-bluetooth	R39	R39-M5-003	R39.M5-003 A2DP profile over Isoch (bridges to R33 audio) #3	M	R39-M1-001	src/kernel/drivers/bt/a2dp.pdx	A2DP profile over Isoch (bridges to R33 audio) (auto-scaffold; refine at body-drafting)
paideia-os	r39-bluetooth	R39	R39-M6-001	R39.M6-001 HFP profile + call-audio routing #1	M	R39-M1-001	src/kernel/drivers/bt/hfp.pdx	HFP profile + call-audio routing (auto-scaffold; refine at body-drafting)
paideia-os	r39-bluetooth	R39	R39-M6-002	R39.M6-002 HFP profile + call-audio routing #2	M	R39-M1-001	src/kernel/drivers/bt/hfp.pdx	HFP profile + call-audio routing (auto-scaffold; refine at body-drafting)
paideia-os	r39-bluetooth	R39	R39-M7-001	R39.M7-001 HID over BT (mouse/keyboard) #1	M	R39-M1-001	src/kernel/drivers/bt/hid_over_bt.pdx	HID over BT (mouse/keyboard) (auto-scaffold; refine at body-drafting)
paideia-os	r39-bluetooth	R39	R39-M7-002	R39.M7-002 HID over BT (mouse/keyboard) #2	M	R39-M1-001	src/kernel/drivers/bt/hid_over_bt.pdx	HID over BT (mouse/keyboard) (auto-scaffold; refine at body-drafting)
paideia-os	r39-bluetooth	R39	R39-M8-001	R39.M8-001 LE Audio (BAP/CAP) baseline (R14 architected around isoch) #1	M	R39-M1-001	src/kernel/drivers/bt/le_audio.pdx	LE Audio (BAP/CAP) baseline (R14 architected around isoch) (auto-scaffold; refine at body-drafting)
paideia-os	r39-bluetooth	R39	R39-M8-002	R39.M8-002 LE Audio (BAP/CAP) baseline (R14 architected around isoch) #2	M	R39-M1-001	src/kernel/drivers/bt/le_audio.pdx	LE Audio (BAP/CAP) baseline (R14 architected around isoch) (auto-scaffold; refine at body-drafting)
paideia-os	r39-bluetooth	R39	R39-M9-001	R39.M9-001 bt_supervisor userspace service #1	M	R39-M1-001	src/user/bt_supervisor/*.pdx	bt_supervisor userspace service (auto-scaffold; refine at body-drafting)
paideia-os	r39-bluetooth	R39	R39-M9-002	R39.M9-002 bt_supervisor userspace service #2	M	R39-M1-001	src/user/bt_supervisor/*.pdx	bt_supervisor userspace service (auto-scaffold; refine at body-drafting)
paideia-os	r39-bluetooth	R39	R39-M10-001	R39.M10-001 QEMU h4-null fixture + T14 hw-smoke-r39.md #1	M	R39-M1-001	tools/hw-smoke-r39.md	QEMU h4-null fixture + T14 hw-smoke-r39.md (auto-scaffold; refine at body-drafting)
paideia-os	r40-camera-wwan	R40	R40-M1-001	R40.M1-001 MIPI-CSI receiver + KIND_CSI_CAMERA #1	M	R37 GPU BO + R32 fingerprint	src/kernel/drivers/camera/csi.pdx	MIPI-CSI receiver + KIND_CSI_CAMERA (auto-scaffold; refine at body-drafting)
paideia-os	r40-camera-wwan	R40	R40-M1-002	R40.M1-002 MIPI-CSI receiver + KIND_CSI_CAMERA #2	M	R40-M1-001	src/kernel/drivers/camera/csi.pdx	MIPI-CSI receiver + KIND_CSI_CAMERA (auto-scaffold; refine at body-drafting)
paideia-os	r40-camera-wwan	R40	R40-M1-003	R40.M1-003 MIPI-CSI receiver + KIND_CSI_CAMERA #3	M	R40-M1-001	src/kernel/drivers/camera/csi.pdx	MIPI-CSI receiver + KIND_CSI_CAMERA (auto-scaffold; refine at body-drafting)
paideia-os	r40-camera-wwan	R40	R40-M2-001	R40.M2-001 IPU6 firmware loader (dual-sign, D1.a) + KIND_IPU6_STREAM #1	M	R40-M1-001	src/kernel/drivers/camera/ipu6.pdx	IPU6 firmware loader (dual-sign, D1.a) + KIND_IPU6_STREAM (auto-scaffold; refine at body-drafting)
paideia-os	r40-camera-wwan	R40	R40-M2-002	R40.M2-002 IPU6 firmware loader (dual-sign, D1.a) + KIND_IPU6_STREAM #2	M	R40-M1-001	src/kernel/drivers/camera/ipu6.pdx	IPU6 firmware loader (dual-sign, D1.a) + KIND_IPU6_STREAM (auto-scaffold; refine at body-drafting)
paideia-os	r40-camera-wwan	R40	R40-M2-003	R40.M2-003 IPU6 firmware loader (dual-sign, D1.a) + KIND_IPU6_STREAM #3	M	R40-M1-001	src/kernel/drivers/camera/ipu6.pdx	IPU6 firmware loader (dual-sign, D1.a) + KIND_IPU6_STREAM (auto-scaffold; refine at body-drafting)
paideia-os	r40-camera-wwan	R40	R40-M3-001	R40.M3-001 camera_server userspace + zero-copy GPU BO frame path #1	M	R40-M1-001	src/user/camera_server/*.pdx	camera_server userspace + zero-copy GPU BO frame path (auto-scaffold; refine at body-drafting)
paideia-os	r40-camera-wwan	R40	R40-M3-002	R40.M3-002 camera_server userspace + zero-copy GPU BO frame path #2	M	R40-M1-001	src/user/camera_server/*.pdx	camera_server userspace + zero-copy GPU BO frame path (auto-scaffold; refine at body-drafting)
paideia-os	r40-camera-wwan	R40	R40-M3-003	R40.M3-003 camera_server userspace + zero-copy GPU BO frame path #3	M	R40-M1-001	src/user/camera_server/*.pdx	camera_server userspace + zero-copy GPU BO frame path (auto-scaffold; refine at body-drafting)
paideia-os	r40-camera-wwan	R40	R40-M4-001	R40.M4-001 Camera privacy shutter + reserved plane overlay (needs G2) #1	M	R40-M1-001	src/kernel/drivers/camera/privacy_shutter.pdx	Camera privacy shutter + reserved plane overlay (needs G2) (auto-scaffold; refine at body-drafting)
paideia-os	r40-camera-wwan	R40	R40-M4-002	R40.M4-002 Camera privacy shutter + reserved plane overlay (needs G2) #2	M	R40-M1-001	src/kernel/drivers/camera/privacy_shutter.pdx	Camera privacy shutter + reserved plane overlay (needs G2) (auto-scaffold; refine at body-drafting)
paideia-os	r40-camera-wwan	R40	R40-M5-001	R40.M5-001 WWAN M.2 (MBIM/QMI over USB) + KIND_WWAN_MODEM + KIND_MBIM_SESSION #1	M	R40-M1-001	src/kernel/drivers/wwan/*.pdx	WWAN M.2 (MBIM/QMI over USB) + KIND_WWAN_MODEM + KIND_MBIM_SESSION (auto-scaffold; refine at body-drafting)
paideia-os	r40-camera-wwan	R40	R40-M5-002	R40.M5-002 WWAN M.2 (MBIM/QMI over USB) + KIND_WWAN_MODEM + KIND_MBIM_SESSION #2	M	R40-M1-001	src/kernel/drivers/wwan/*.pdx	WWAN M.2 (MBIM/QMI over USB) + KIND_WWAN_MODEM + KIND_MBIM_SESSION (auto-scaffold; refine at body-drafting)
paideia-os	r40-camera-wwan	R40	R40-M6-001	R40.M6-001 Fingerprint enrol UX (screen-reader accessible via G10) #1	M	R40-M1-001	src/user/fp_enrol/*.pdx	Fingerprint enrol UX (screen-reader accessible via G10) (auto-scaffold; refine at body-drafting)
paideia-os	r40-camera-wwan	R40	R40-M6-002	R40.M6-002 Fingerprint enrol UX (screen-reader accessible via G10) #2	M	R40-M1-001	src/user/fp_enrol/*.pdx	Fingerprint enrol UX (screen-reader accessible via G10) (auto-scaffold; refine at body-drafting)
paideia-os	r40-camera-wwan	R40	R40-M7-001	R40.M7-001 Audit-schema unification across R38/R39/R40 sealed caps #1	M	R40-M1-001	design/audit/sealed-cap-schema.md	Audit-schema unification across R38/R39/R40 sealed caps (auto-scaffold; refine at body-drafting)
paideia-os	r40-camera-wwan	R40	R40-M7-002	R40.M7-002 Audit-schema unification across R38/R39/R40 sealed caps #2	M	R40-M1-001	design/audit/sealed-cap-schema.md	Audit-schema unification across R38/R39/R40 sealed caps (auto-scaffold; refine at body-drafting)
paideia-os	r40-camera-wwan	R40	R40-M8-001	R40.M8-001 QEMU synth-fixture + T14 hw-smoke-r40.md #1	M	R40-M1-001	tools/hw-smoke-r40.md	QEMU synth-fixture + T14 hw-smoke-r40.md (auto-scaffold; refine at body-drafting)
paideia-os	r41-semantic-terminal-fb	R41	R41-M1-001	R41.M1-001 semantic-term-core: command lexer + tokenizer #1	M	R23 fb-console + R26 HID	src/user/semantic_term/core/lexer.pdx	semantic-term-core: command lexer + tokenizer (auto-scaffold; refine at body-drafting)
paideia-os	r41-semantic-terminal-fb	R41	R41-M1-002	R41.M1-002 semantic-term-core: command lexer + tokenizer #2	M	R41-M1-001	src/user/semantic_term/core/lexer.pdx	semantic-term-core: command lexer + tokenizer (auto-scaffold; refine at body-drafting)
paideia-os	r41-semantic-terminal-fb	R41	R41-M1-003	R41.M1-003 semantic-term-core: command lexer + tokenizer #3	M	R41-M1-001	src/user/semantic_term/core/lexer.pdx	semantic-term-core: command lexer + tokenizer (auto-scaffold; refine at body-drafting)
paideia-os	r41-semantic-terminal-fb	R41	R41-M2-001	R41.M2-001 semantic-term-core: semantic query engine (schema-typed) #1	M	R41-M1-001	src/user/semantic_term/core/query.pdx	semantic-term-core: semantic query engine (schema-typed) (auto-scaffold; refine at body-drafting)
paideia-os	r41-semantic-terminal-fb	R41	R41-M2-002	R41.M2-002 semantic-term-core: semantic query engine (schema-typed) #2	M	R41-M1-001	src/user/semantic_term/core/query.pdx	semantic-term-core: semantic query engine (schema-typed) (auto-scaffold; refine at body-drafting)
paideia-os	r41-semantic-terminal-fb	R41	R41-M2-003	R41.M2-003 semantic-term-core: semantic query engine (schema-typed) #3	M	R41-M1-001	src/user/semantic_term/core/query.pdx	semantic-term-core: semantic query engine (schema-typed) (auto-scaffold; refine at body-drafting)
paideia-os	r41-semantic-terminal-fb	R41	R41-M3-001	R41.M3-001 semantic-term-core: plot compositor (ASCII output) #1	M	R41-M1-001	src/user/semantic_term/core/plot_ascii.pdx	semantic-term-core: plot compositor (ASCII output) (auto-scaffold; refine at body-drafting)
paideia-os	r41-semantic-terminal-fb	R41	R41-M3-002	R41.M3-002 semantic-term-core: plot compositor (ASCII output) #2	M	R41-M1-001	src/user/semantic_term/core/plot_ascii.pdx	semantic-term-core: plot compositor (ASCII output) (auto-scaffold; refine at body-drafting)
paideia-os	r41-semantic-terminal-fb	R41	R41-M3-003	R41.M3-003 semantic-term-core: plot compositor (ASCII output) #3	M	R41-M1-001	src/user/semantic_term/core/plot_ascii.pdx	semantic-term-core: plot compositor (ASCII output) (auto-scaffold; refine at body-drafting)
paideia-os	r41-semantic-terminal-fb	R41	R41-M4-001	R41.M4-001 fb frontend: R23 fb-console + R26 HID keyboard binding #1	M	R41-M1-001	src/user/semantic_term/fb/*.pdx	fb frontend: R23 fb-console + R26 HID keyboard binding (auto-scaffold; refine at body-drafting)
paideia-os	r41-semantic-terminal-fb	R41	R41-M4-002	R41.M4-002 fb frontend: R23 fb-console + R26 HID keyboard binding #2	M	R41-M1-001	src/user/semantic_term/fb/*.pdx	fb frontend: R23 fb-console + R26 HID keyboard binding (auto-scaffold; refine at body-drafting)
paideia-os	r41-semantic-terminal-fb	R41	R41-M4-003	R41.M4-003 fb frontend: R23 fb-console + R26 HID keyboard binding #3	M	R41-M1-001	src/user/semantic_term/fb/*.pdx	fb frontend: R23 fb-console + R26 HID keyboard binding (auto-scaffold; refine at body-drafting)
paideia-os	r41-semantic-terminal-fb	R41	R41-M5-001	R41.M5-001 Recovery-mode terminal invariants (safectl integration) #1	M	R41-M1-001	src/user/semantic_term/recovery.pdx	Recovery-mode terminal invariants (safectl integration) (auto-scaffold; refine at body-drafting)
paideia-os	r41-semantic-terminal-fb	R41	R41-M5-002	R41.M5-002 Recovery-mode terminal invariants (safectl integration) #2	M	R41-M1-001	src/user/semantic_term/recovery.pdx	Recovery-mode terminal invariants (safectl integration) (auto-scaffold; refine at body-drafting)
paideia-os	r41-semantic-terminal-fb	R41	R41-M6-001	R41.M6-001 R41 closure + T14 hw-smoke-r41.md #1	M	R41-M1-001	tools/hw-smoke-r41.md	R41 closure + T14 hw-smoke-r41.md (auto-scaffold; refine at body-drafting)
paideia-os	r42-pdxfs-v1	R42	R42-M1-001	R42.M1-001 CoW walker + KIND_PDXFS_SNAPSHOT #1	M	R24 NVMe write	src/kernel/core/pdxfs/cow_walker.pdx	CoW walker + KIND_PDXFS_SNAPSHOT (auto-scaffold; refine at body-drafting)
paideia-os	r42-pdxfs-v1	R42	R42-M1-002	R42.M1-002 CoW walker + KIND_PDXFS_SNAPSHOT #2	M	R42-M1-001	src/kernel/core/pdxfs/cow_walker.pdx	CoW walker + KIND_PDXFS_SNAPSHOT (auto-scaffold; refine at body-drafting)
paideia-os	r42-pdxfs-v1	R42	R42-M1-003	R42.M1-003 CoW walker + KIND_PDXFS_SNAPSHOT #3	M	R42-M1-001	src/kernel/core/pdxfs/cow_walker.pdx	CoW walker + KIND_PDXFS_SNAPSHOT (auto-scaffold; refine at body-drafting)
paideia-os	r42-pdxfs-v1	R42	R42-M1-004	R42.M1-004 CoW walker + KIND_PDXFS_SNAPSHOT #4	M	R42-M1-001	src/kernel/core/pdxfs/cow_walker.pdx	CoW walker + KIND_PDXFS_SNAPSHOT (auto-scaffold; refine at body-drafting)
paideia-os	r42-pdxfs-v1	R42	R42-M2-001	R42.M2-001 Journal + WAL recovery #1	M	R42-M1-001	src/kernel/core/pdxfs/journal.pdx	Journal + WAL recovery (auto-scaffold; refine at body-drafting)
paideia-os	r42-pdxfs-v1	R42	R42-M2-002	R42.M2-002 Journal + WAL recovery #2	M	R42-M1-001	src/kernel/core/pdxfs/journal.pdx	Journal + WAL recovery (auto-scaffold; refine at body-drafting)
paideia-os	r42-pdxfs-v1	R42	R42-M2-003	R42.M2-003 Journal + WAL recovery #3	M	R42-M1-001	src/kernel/core/pdxfs/journal.pdx	Journal + WAL recovery (auto-scaffold; refine at body-drafting)
paideia-os	r42-pdxfs-v1	R42	R42-M2-004	R42.M2-004 Journal + WAL recovery #4	M	R42-M1-001	src/kernel/core/pdxfs/journal.pdx	Journal + WAL recovery (auto-scaffold; refine at body-drafting)
paideia-os	r42-pdxfs-v1	R42	R42-M3-001	R42.M3-001 Snapshot semantics + retention policy #1	M	R42-M1-001	src/kernel/core/pdxfs/snapshot.pdx	Snapshot semantics + retention policy (auto-scaffold; refine at body-drafting)
paideia-os	r42-pdxfs-v1	R42	R42-M3-002	R42.M3-002 Snapshot semantics + retention policy #2	M	R42-M1-001	src/kernel/core/pdxfs/snapshot.pdx	Snapshot semantics + retention policy (auto-scaffold; refine at body-drafting)
paideia-os	r42-pdxfs-v1	R42	R42-M3-003	R42.M3-003 Snapshot semantics + retention policy #3	M	R42-M1-001	src/kernel/core/pdxfs/snapshot.pdx	Snapshot semantics + retention policy (auto-scaffold; refine at body-drafting)
paideia-os	r42-pdxfs-v1	R42	R42-M4-001	R42.M4-001 PdxFS v1 mkfs (upgrade of mkfs.pdxfs) #1	M	R42-M1-001	src/user/mkfs_pdxfs/v1_format.pdx	PdxFS v1 mkfs (upgrade of mkfs.pdxfs) (auto-scaffold; refine at body-drafting)
paideia-os	r42-pdxfs-v1	R42	R42-M4-002	R42.M4-002 PdxFS v1 mkfs (upgrade of mkfs.pdxfs) #2	M	R42-M1-001	src/user/mkfs_pdxfs/v1_format.pdx	PdxFS v1 mkfs (upgrade of mkfs.pdxfs) (auto-scaffold; refine at body-drafting)
paideia-os	r42-pdxfs-v1	R42	R42-M4-003	R42.M4-003 PdxFS v1 mkfs (upgrade of mkfs.pdxfs) #3	M	R42-M1-001	src/user/mkfs_pdxfs/v1_format.pdx	PdxFS v1 mkfs (upgrade of mkfs.pdxfs) (auto-scaffold; refine at body-drafting)
paideia-os	r42-pdxfs-v1	R42	R42-M5-001	R42.M5-001 PdxFS v1 mount + auto-recovery #1	M	R42-M1-001	src/user/mount_pdxfs/v1_mount.pdx	PdxFS v1 mount + auto-recovery (auto-scaffold; refine at body-drafting)
paideia-os	r42-pdxfs-v1	R42	R42-M5-002	R42.M5-002 PdxFS v1 mount + auto-recovery #2	M	R42-M1-001	src/user/mount_pdxfs/v1_mount.pdx	PdxFS v1 mount + auto-recovery (auto-scaffold; refine at body-drafting)
paideia-os	r42-pdxfs-v1	R42	R42-M5-003	R42.M5-003 PdxFS v1 mount + auto-recovery #3	M	R42-M1-001	src/user/mount_pdxfs/v1_mount.pdx	PdxFS v1 mount + auto-recovery (auto-scaffold; refine at body-drafting)
paideia-os	r42-pdxfs-v1	R42	R42-M6-001	R42.M6-001 Fsck / integrity check tool #1	M	R42-M1-001	src/user/fsck_pdxfs/*.pdx	Fsck / integrity check tool (auto-scaffold; refine at body-drafting)
paideia-os	r42-pdxfs-v1	R42	R42-M6-002	R42.M6-002 Fsck / integrity check tool #2	M	R42-M1-001	src/user/fsck_pdxfs/*.pdx	Fsck / integrity check tool (auto-scaffold; refine at body-drafting)
paideia-os	r42-pdxfs-v1	R42	R42-M7-001	R42.M7-001 T14 hw-smoke-r42.md + boot_r42_snapshot_roundtrip #1	M	R42-M1-001	tools/hw-smoke-r42.md	T14 hw-smoke-r42.md + boot_r42_snapshot_roundtrip (auto-scaffold; refine at body-drafting)
paideia-os	r44-semantic-terminal-gui	R44	R44-M1-001	R44.M1-001 GUI frontend of semantic-term-core (retained-mode via G12) #1	M	G12 toolkit + R41 core	src/user/semantic_term_gui/window.pdx	GUI frontend of semantic-term-core (retained-mode via G12) (auto-scaffold; refine at body-drafting)
paideia-os	r44-semantic-terminal-gui	R44	R44-M1-002	R44.M1-002 GUI frontend of semantic-term-core (retained-mode via G12) #2	M	R44-M1-001	src/user/semantic_term_gui/window.pdx	GUI frontend of semantic-term-core (retained-mode via G12) (auto-scaffold; refine at body-drafting)
paideia-os	r44-semantic-terminal-gui	R44	R44-M1-003	R44.M1-003 GUI frontend of semantic-term-core (retained-mode via G12) #3	M	R44-M1-001	src/user/semantic_term_gui/window.pdx	GUI frontend of semantic-term-core (retained-mode via G12) (auto-scaffold; refine at body-drafting)
paideia-os	r44-semantic-terminal-gui	R44	R44-M2-001	R44.M2-001 Vello scene builder for command output #1	M	R44-M1-001	src/user/semantic_term_gui/vello_scene.pdx	Vello scene builder for command output (auto-scaffold; refine at body-drafting)
paideia-os	r44-semantic-terminal-gui	R44	R44-M2-002	R44.M2-002 Vello scene builder for command output #2	M	R44-M1-001	src/user/semantic_term_gui/vello_scene.pdx	Vello scene builder for command output (auto-scaffold; refine at body-drafting)
paideia-os	r44-semantic-terminal-gui	R44	R44-M3-001	R44.M3-001 SDF text rendering via G5 #1	M	R44-M1-001	src/user/semantic_term_gui/text.pdx	SDF text rendering via G5 (auto-scaffold; refine at body-drafting)
paideia-os	r44-semantic-terminal-gui	R44	R44-M3-002	R44.M3-002 SDF text rendering via G5 #2	M	R44-M1-001	src/user/semantic_term_gui/text.pdx	SDF text rendering via G5 (auto-scaffold; refine at body-drafting)
paideia-os	r44-semantic-terminal-gui	R44	R44-M4-001	R44.M4-001 IME integration via G11 #1	M	R44-M1-001	src/user/semantic_term_gui/ime.pdx	IME integration via G11 (auto-scaffold; refine at body-drafting)
paideia-os	r44-semantic-terminal-gui	R44	R44-M4-002	R44.M4-002 IME integration via G11 #2	M	R44-M1-001	src/user/semantic_term_gui/ime.pdx	IME integration via G11 (auto-scaffold; refine at body-drafting)
paideia-os	r44-semantic-terminal-gui	R44	R44-M5-001	R44.M5-001 A11y tree wired via G10 (screen reader accessible) #1	M	R44-M1-001	src/user/semantic_term_gui/a11y.pdx	A11y tree wired via G10 (screen reader accessible) (auto-scaffold; refine at body-drafting)
paideia-os	r44-semantic-terminal-gui	R44	R44-M5-002	R44.M5-002 A11y tree wired via G10 (screen reader accessible) #2	M	R44-M1-001	src/user/semantic_term_gui/a11y.pdx	A11y tree wired via G10 (screen reader accessible) (auto-scaffold; refine at body-drafting)
paideia-os	r44-semantic-terminal-gui	R44	R44-M6-001	R44.M6-001 T14 hw-smoke-r44.md + closure retrospective #1	M	R44-M1-001	tools/hw-smoke-r44.md	T14 hw-smoke-r44.md + closure retrospective (auto-scaffold; refine at body-drafting)
paideia-os	r47-vmd-driver	R47	R47-M1-001	R47.M1-001 VMD PCIe root + domain enumeration #1	M	post-G-series hardening	src/kernel/drivers/vmd/enum.pdx	VMD PCIe root + domain enumeration (auto-scaffold; refine at body-drafting)
paideia-os	r47-vmd-driver	R47	R47-M1-002	R47.M1-002 VMD PCIe root + domain enumeration #2	M	R47-M1-001	src/kernel/drivers/vmd/enum.pdx	VMD PCIe root + domain enumeration (auto-scaffold; refine at body-drafting)
paideia-os	r47-vmd-driver	R47	R47-M1-003	R47.M1-003 VMD PCIe root + domain enumeration #3	M	R47-M1-001	src/kernel/drivers/vmd/enum.pdx	VMD PCIe root + domain enumeration (auto-scaffold; refine at body-drafting)
paideia-os	r47-vmd-driver	R47	R47-M2-001	R47.M2-001 VMD-hosted NVMe device discovery #1	M	R47-M1-001	src/kernel/drivers/vmd/nvme_discovery.pdx	VMD-hosted NVMe device discovery (auto-scaffold; refine at body-drafting)
paideia-os	r47-vmd-driver	R47	R47-M2-002	R47.M2-002 VMD-hosted NVMe device discovery #2	M	R47-M1-001	src/kernel/drivers/vmd/nvme_discovery.pdx	VMD-hosted NVMe device discovery (auto-scaffold; refine at body-drafting)
paideia-os	r47-vmd-driver	R47	R47-M2-003	R47.M2-003 VMD-hosted NVMe device discovery #3	M	R47-M1-001	src/kernel/drivers/vmd/nvme_discovery.pdx	VMD-hosted NVMe device discovery (auto-scaffold; refine at body-drafting)
paideia-os	r47-vmd-driver	R47	R47-M3-001	R47.M3-001 MSI-X remap for VMD-hosted devices #1	M	R47-M1-001	src/kernel/drivers/vmd/msix_remap.pdx	MSI-X remap for VMD-hosted devices (auto-scaffold; refine at body-drafting)
paideia-os	r47-vmd-driver	R47	R47-M3-002	R47.M3-002 MSI-X remap for VMD-hosted devices #2	M	R47-M1-001	src/kernel/drivers/vmd/msix_remap.pdx	MSI-X remap for VMD-hosted devices (auto-scaffold; refine at body-drafting)
paideia-os	r47-vmd-driver	R47	R47-M3-003	R47.M3-003 MSI-X remap for VMD-hosted devices #3	M	R47-M1-001	src/kernel/drivers/vmd/msix_remap.pdx	MSI-X remap for VMD-hosted devices (auto-scaffold; refine at body-drafting)
paideia-os	r47-vmd-driver	R47	R47-M4-001	R47.M4-001 IOMMU integration for VMD domain #1	M	R47-M1-001	src/kernel/drivers/vmd/iommu.pdx	IOMMU integration for VMD domain (auto-scaffold; refine at body-drafting)
paideia-os	r47-vmd-driver	R47	R47-M4-002	R47.M4-002 IOMMU integration for VMD domain #2	M	R47-M1-001	src/kernel/drivers/vmd/iommu.pdx	IOMMU integration for VMD domain (auto-scaffold; refine at body-drafting)
paideia-os	r47-vmd-driver	R47	R47-M4-003	R47.M4-003 IOMMU integration for VMD domain #3	M	R47-M1-001	src/kernel/drivers/vmd/iommu.pdx	IOMMU integration for VMD domain (auto-scaffold; refine at body-drafting)
paideia-os	r47-vmd-driver	R47	R47-M5-001	R47.M5-001 T14 hw-smoke-r47.md + quirks-db BIOS-on rows #1	M	R47-M1-001	tools/hw-smoke-r47.md	T14 hw-smoke-r47.md + quirks-db BIOS-on rows (auto-scaffold; refine at body-drafting)
paideia-os	r47-vmd-driver	R47	R47-M5-002	R47.M5-002 T14 hw-smoke-r47.md + quirks-db BIOS-on rows #2	M	R47-M1-001	tools/hw-smoke-r47.md	T14 hw-smoke-r47.md + quirks-db BIOS-on rows (auto-scaffold; refine at body-drafting)
paideia-os	r47-vmd-driver	R47	R47-M6-001	R47.M6-001 R47 closure + retire BIOS-off quirks-db rows #1	M	R47-M1-001	design/hardware/quirks.md	R47 closure + retire BIOS-off quirks-db rows (auto-scaffold; refine at body-drafting)
paideia-os	g1-display-sync	G1	G1-M1-001	G1.M1-001 KIND_DISPLAY_TIMELINE derived over KIND_HW_TIMELINE #1	M	R37-M10-001	src/kernel/core/cap/kind_display_timeline.pdx	KIND_DISPLAY_TIMELINE derived over KIND_HW_TIMELINE (auto-scaffold; refine at body-drafting)
paideia-os	g1-display-sync	G1	G1-M1-002	G1.M1-002 KIND_DISPLAY_TIMELINE derived over KIND_HW_TIMELINE #2	M	G1-M1-001	src/kernel/core/cap/kind_display_timeline.pdx	KIND_DISPLAY_TIMELINE derived over KIND_HW_TIMELINE (auto-scaffold; refine at body-drafting)
paideia-os	g1-display-sync	G1	G1-M1-003	G1.M1-003 KIND_DISPLAY_TIMELINE derived over KIND_HW_TIMELINE #3	M	G1-M1-001	src/kernel/core/cap/kind_display_timeline.pdx	KIND_DISPLAY_TIMELINE derived over KIND_HW_TIMELINE (auto-scaffold; refine at body-drafting)
paideia-os	g1-display-sync	G1	G1-M1-004	G1.M1-004 KIND_DISPLAY_TIMELINE derived over KIND_HW_TIMELINE #4	M	G1-M1-001	src/kernel/core/cap/kind_display_timeline.pdx	KIND_DISPLAY_TIMELINE derived over KIND_HW_TIMELINE (auto-scaffold; refine at body-drafting)
paideia-os	g1-display-sync	G1	G1-M2-001	G1.M2-001 drm-syncobj shape wait/signal primitives #1	M	G1-M1-001	src/kernel/drivers/i915_display/syncobj.pdx	drm-syncobj shape wait/signal primitives (auto-scaffold; refine at body-drafting)
paideia-os	g1-display-sync	G1	G1-M2-002	G1.M2-002 drm-syncobj shape wait/signal primitives #2	M	G1-M1-001	src/kernel/drivers/i915_display/syncobj.pdx	drm-syncobj shape wait/signal primitives (auto-scaffold; refine at body-drafting)
paideia-os	g1-display-sync	G1	G1-M2-003	G1.M2-003 drm-syncobj shape wait/signal primitives #3	M	G1-M1-001	src/kernel/drivers/i915_display/syncobj.pdx	drm-syncobj shape wait/signal primitives (auto-scaffold; refine at body-drafting)
paideia-os	g1-display-sync	G1	G1-M2-004	G1.M2-004 drm-syncobj shape wait/signal primitives #4	M	G1-M1-001	src/kernel/drivers/i915_display/syncobj.pdx	drm-syncobj shape wait/signal primitives (auto-scaffold; refine at body-drafting)
paideia-os	g1-display-sync	G1	G1-M3-001	G1.M3-001 VRR range probe + KIND_VRR_RANGE #1	M	G1-M1-001	src/kernel/drivers/i915_display/vrr_probe.pdx	VRR range probe + KIND_VRR_RANGE (auto-scaffold; refine at body-drafting)
paideia-os	g1-display-sync	G1	G1-M3-002	G1.M3-002 VRR range probe + KIND_VRR_RANGE #2	M	G1-M1-001	src/kernel/drivers/i915_display/vrr_probe.pdx	VRR range probe + KIND_VRR_RANGE (auto-scaffold; refine at body-drafting)
paideia-os	g1-display-sync	G1	G1-M3-003	G1.M3-003 VRR range probe + KIND_VRR_RANGE #3	M	G1-M1-001	src/kernel/drivers/i915_display/vrr_probe.pdx	VRR range probe + KIND_VRR_RANGE (auto-scaffold; refine at body-drafting)
paideia-os	g1-display-sync	G1	G1-M4-001	G1.M4-001 Explicit-sync enforcement (no implicit fallback path) #1	M	G1-M1-001	src/kernel/drivers/i915_display/sync_policy.pdx	Explicit-sync enforcement (no implicit fallback path) (auto-scaffold; refine at body-drafting)
paideia-os	g1-display-sync	G1	G1-M4-002	G1.M4-002 Explicit-sync enforcement (no implicit fallback path) #2	M	G1-M1-001	src/kernel/drivers/i915_display/sync_policy.pdx	Explicit-sync enforcement (no implicit fallback path) (auto-scaffold; refine at body-drafting)
paideia-os	g1-display-sync	G1	G1-M4-003	G1.M4-003 Explicit-sync enforcement (no implicit fallback path) #3	M	G1-M1-001	src/kernel/drivers/i915_display/sync_policy.pdx	Explicit-sync enforcement (no implicit fallback path) (auto-scaffold; refine at body-drafting)
paideia-os	g1-display-sync	G1	G1-M5-001	G1.M5-001 T14 hw-smoke-g1.md + explicit-sync witness #1	M	G1-M1-001	tools/hw-smoke-g1.md	T14 hw-smoke-g1.md + explicit-sync witness (auto-scaffold; refine at body-drafting)
paideia-os	g1-display-sync	G1	G1-M5-002	G1.M5-002 T14 hw-smoke-g1.md + explicit-sync witness #2	M	G1-M1-001	tools/hw-smoke-g1.md	T14 hw-smoke-g1.md + explicit-sync witness (auto-scaffold; refine at body-drafting)
paideia-os	g2-direct-scanout	G2	G2-M1-001	G2.M1-001 KIND_SCANOUT_LEASE (linear consumption) #1	M	G1-M5-001	src/kernel/core/cap/kind_scanout_lease.pdx	KIND_SCANOUT_LEASE (linear consumption) (auto-scaffold; refine at body-drafting)
paideia-os	g2-direct-scanout	G2	G2-M1-002	G2.M1-002 KIND_SCANOUT_LEASE (linear consumption) #2	M	G2-M1-001	src/kernel/core/cap/kind_scanout_lease.pdx	KIND_SCANOUT_LEASE (linear consumption) (auto-scaffold; refine at body-drafting)
paideia-os	g2-direct-scanout	G2	G2-M1-003	G2.M1-003 KIND_SCANOUT_LEASE (linear consumption) #3	M	G2-M1-001	src/kernel/core/cap/kind_scanout_lease.pdx	KIND_SCANOUT_LEASE (linear consumption) (auto-scaffold; refine at body-drafting)
paideia-os	g2-direct-scanout	G2	G2-M2-001	G2.M2-001 Direct-scanout for linear buffers #1	M	G2-M1-001	src/kernel/drivers/i915_display/scanout_linear.pdx	Direct-scanout for linear buffers (auto-scaffold; refine at body-drafting)
paideia-os	g2-direct-scanout	G2	G2-M2-002	G2.M2-002 Direct-scanout for linear buffers #2	M	G2-M1-001	src/kernel/drivers/i915_display/scanout_linear.pdx	Direct-scanout for linear buffers (auto-scaffold; refine at body-drafting)
paideia-os	g2-direct-scanout	G2	G2-M2-003	G2.M2-003 Direct-scanout for linear buffers #3	M	G2-M1-001	src/kernel/drivers/i915_display/scanout_linear.pdx	Direct-scanout for linear buffers (auto-scaffold; refine at body-drafting)
paideia-os	g2-direct-scanout	G2	G2-M3-001	G2.M3-001 Tearing-free VRR cadence #1	M	G2-M1-001	src/kernel/drivers/i915_display/vrr_cadence.pdx	Tearing-free VRR cadence (auto-scaffold; refine at body-drafting)
paideia-os	g2-direct-scanout	G2	G2-M3-002	G2.M3-002 Tearing-free VRR cadence #2	M	G2-M1-001	src/kernel/drivers/i915_display/vrr_cadence.pdx	Tearing-free VRR cadence (auto-scaffold; refine at body-drafting)
paideia-os	g2-direct-scanout	G2	G2-M3-003	G2.M3-003 Tearing-free VRR cadence #3	M	G2-M1-001	src/kernel/drivers/i915_display/vrr_cadence.pdx	Tearing-free VRR cadence (auto-scaffold; refine at body-drafting)
paideia-os	g2-direct-scanout	G2	G2-M4-001	G2.M4-001 Reserved plane on pipe 0 (P8 mitigation) #1	M	G2-M1-001	src/kernel/drivers/i915_display/reserved_plane.pdx	Reserved plane on pipe 0 (P8 mitigation) (auto-scaffold; refine at body-drafting)
paideia-os	g2-direct-scanout	G2	G2-M4-002	G2.M4-002 Reserved plane on pipe 0 (P8 mitigation) #2	M	G2-M1-001	src/kernel/drivers/i915_display/reserved_plane.pdx	Reserved plane on pipe 0 (P8 mitigation) (auto-scaffold; refine at body-drafting)
paideia-os	g2-direct-scanout	G2	G2-M4-003	G2.M4-003 Reserved plane on pipe 0 (P8 mitigation) #3	M	G2-M1-001	src/kernel/drivers/i915_display/reserved_plane.pdx	Reserved plane on pipe 0 (P8 mitigation) (auto-scaffold; refine at body-drafting)
paideia-os	g2-direct-scanout	G2	G2-M5-001	G2.M5-001 T14 hw-smoke-g2.md + Steam-Deck-shape witness #1	M	G2-M1-001	tools/hw-smoke-g2.md	T14 hw-smoke-g2.md + Steam-Deck-shape witness (auto-scaffold; refine at body-drafting)
paideia-os	g2-direct-scanout	G2	G2-M5-002	G2.M5-002 T14 hw-smoke-g2.md + Steam-Deck-shape witness #2	M	G2-M1-001	tools/hw-smoke-g2.md	T14 hw-smoke-g2.md + Steam-Deck-shape witness (auto-scaffold; refine at body-drafting)
paideia-os	g3-vulkan-surface	G3	G3-M1-001	G3.M1-001 Vulkan 1.3 ICD skeleton + KIND_VK_SURFACE #1	M	G1 + R37	src/user/vulkan/icd.pdx	Vulkan 1.3 ICD skeleton + KIND_VK_SURFACE (auto-scaffold; refine at body-drafting)
paideia-os	g3-vulkan-surface	G3	G3-M1-002	G3.M1-002 Vulkan 1.3 ICD skeleton + KIND_VK_SURFACE #2	M	G3-M1-001	src/user/vulkan/icd.pdx	Vulkan 1.3 ICD skeleton + KIND_VK_SURFACE (auto-scaffold; refine at body-drafting)
paideia-os	g3-vulkan-surface	G3	G3-M1-003	G3.M1-003 Vulkan 1.3 ICD skeleton + KIND_VK_SURFACE #3	M	G3-M1-001	src/user/vulkan/icd.pdx	Vulkan 1.3 ICD skeleton + KIND_VK_SURFACE (auto-scaffold; refine at body-drafting)
paideia-os	g3-vulkan-surface	G3	G3-M1-004	G3.M1-004 Vulkan 1.3 ICD skeleton + KIND_VK_SURFACE #4	M	G3-M1-001	src/user/vulkan/icd.pdx	Vulkan 1.3 ICD skeleton + KIND_VK_SURFACE (auto-scaffold; refine at body-drafting)
paideia-os	g3-vulkan-surface	G3	G3-M2-001	G3.M2-001 SPIR-V reader + shader module cache #1	M	G3-M1-001	src/user/vulkan/spirv_reader.pdx	SPIR-V reader + shader module cache (auto-scaffold; refine at body-drafting)
paideia-os	g3-vulkan-surface	G3	G3-M2-002	G3.M2-002 SPIR-V reader + shader module cache #2	M	G3-M1-001	src/user/vulkan/spirv_reader.pdx	SPIR-V reader + shader module cache (auto-scaffold; refine at body-drafting)
paideia-os	g3-vulkan-surface	G3	G3-M2-003	G3.M2-003 SPIR-V reader + shader module cache #3	M	G3-M1-001	src/user/vulkan/spirv_reader.pdx	SPIR-V reader + shader module cache (auto-scaffold; refine at body-drafting)
paideia-os	g3-vulkan-surface	G3	G3-M2-004	G3.M2-004 SPIR-V reader + shader module cache #4	M	G3-M1-001	src/user/vulkan/spirv_reader.pdx	SPIR-V reader + shader module cache (auto-scaffold; refine at body-drafting)
paideia-os	g3-vulkan-surface	G3	G3-M3-001	G3.M3-001 VK_paideia_surface extension + KIND_VK_SWAPCHAIN_IMAGE #1	M	G3-M1-001	src/user/vulkan/paideia_surface_ext.pdx	VK_paideia_surface extension + KIND_VK_SWAPCHAIN_IMAGE (auto-scaffold; refine at body-drafting)
paideia-os	g3-vulkan-surface	G3	G3-M3-002	G3.M3-002 VK_paideia_surface extension + KIND_VK_SWAPCHAIN_IMAGE #2	M	G3-M1-001	src/user/vulkan/paideia_surface_ext.pdx	VK_paideia_surface extension + KIND_VK_SWAPCHAIN_IMAGE (auto-scaffold; refine at body-drafting)
paideia-os	g3-vulkan-surface	G3	G3-M3-003	G3.M3-003 VK_paideia_surface extension + KIND_VK_SWAPCHAIN_IMAGE #3	M	G3-M1-001	src/user/vulkan/paideia_surface_ext.pdx	VK_paideia_surface extension + KIND_VK_SWAPCHAIN_IMAGE (auto-scaffold; refine at body-drafting)
paideia-os	g3-vulkan-surface	G3	G3-M4-001	G3.M4-001 Dual-timeline swapchain (acquire GPU-tl, release display-tl) #1	M	G3-M1-001	src/user/vulkan/swapchain.pdx	Dual-timeline swapchain (acquire GPU-tl, release display-tl) (auto-scaffold; refine at body-drafting)
paideia-os	g3-vulkan-surface	G3	G3-M4-002	G3.M4-002 Dual-timeline swapchain (acquire GPU-tl, release display-tl) #2	M	G3-M1-001	src/user/vulkan/swapchain.pdx	Dual-timeline swapchain (acquire GPU-tl, release display-tl) (auto-scaffold; refine at body-drafting)
paideia-os	g3-vulkan-surface	G3	G3-M4-003	G3.M4-003 Dual-timeline swapchain (acquire GPU-tl, release display-tl) #3	M	G3-M1-001	src/user/vulkan/swapchain.pdx	Dual-timeline swapchain (acquire GPU-tl, release display-tl) (auto-scaffold; refine at body-drafting)
paideia-os	g3-vulkan-surface	G3	G3-M5-001	G3.M5-001 Present-time feedback loop wire-up #1	M	G3-M1-001	src/user/vulkan/present_feedback.pdx	Present-time feedback loop wire-up (auto-scaffold; refine at body-drafting)
paideia-os	g3-vulkan-surface	G3	G3-M5-002	G3.M5-002 Present-time feedback loop wire-up #2	M	G3-M1-001	src/user/vulkan/present_feedback.pdx	Present-time feedback loop wire-up (auto-scaffold; refine at body-drafting)
paideia-os	g3-vulkan-surface	G3	G3-M6-001	G3.M6-001 T14 hw-smoke-g3.md + vkcube-equivalent smoke #1	M	G3-M1-001	tools/hw-smoke-g3.md	T14 hw-smoke-g3.md + vkcube-equivalent smoke (auto-scaffold; refine at body-drafting)
paideia-os	g3-vulkan-surface	G3	G3-M6-002	G3.M6-002 T14 hw-smoke-g3.md + vkcube-equivalent smoke #2	M	G3-M1-001	tools/hw-smoke-g3.md	T14 hw-smoke-g3.md + vkcube-equivalent smoke (auto-scaffold; refine at body-drafting)
paideia-os	g4-vello-2d	G4	G4-M1-001	G4.M1-001 Path IR + KIND_VELLO_SCENE #1	M	G3-M6-001	src/user/vello/scene.pdx	Path IR + KIND_VELLO_SCENE (auto-scaffold; refine at body-drafting)
paideia-os	g4-vello-2d	G4	G4-M1-002	G4.M1-002 Path IR + KIND_VELLO_SCENE #2	M	G4-M1-001	src/user/vello/scene.pdx	Path IR + KIND_VELLO_SCENE (auto-scaffold; refine at body-drafting)
paideia-os	g4-vello-2d	G4	G4-M1-003	G4.M1-003 Path IR + KIND_VELLO_SCENE #3	M	G4-M1-001	src/user/vello/scene.pdx	Path IR + KIND_VELLO_SCENE (auto-scaffold; refine at body-drafting)
paideia-os	g4-vello-2d	G4	G4-M2-001	G4.M2-001 Bezier flatten (compute shader) #1	M	G4-M1-001	src/user/vello/flatten.pdx	Bezier flatten (compute shader) (auto-scaffold; refine at body-drafting)
paideia-os	g4-vello-2d	G4	G4-M2-002	G4.M2-002 Bezier flatten (compute shader) #2	M	G4-M1-001	src/user/vello/flatten.pdx	Bezier flatten (compute shader) (auto-scaffold; refine at body-drafting)
paideia-os	g4-vello-2d	G4	G4-M2-003	G4.M2-003 Bezier flatten (compute shader) #3	M	G4-M1-001	src/user/vello/flatten.pdx	Bezier flatten (compute shader) (auto-scaffold; refine at body-drafting)
paideia-os	g4-vello-2d	G4	G4-M3-001	G4.M3-001 Per-tile scanline blend (sort-middle) #1	M	G4-M1-001	src/user/vello/tile_blend.pdx	Per-tile scanline blend (sort-middle) (auto-scaffold; refine at body-drafting)
paideia-os	g4-vello-2d	G4	G4-M3-002	G4.M3-002 Per-tile scanline blend (sort-middle) #2	M	G4-M1-001	src/user/vello/tile_blend.pdx	Per-tile scanline blend (sort-middle) (auto-scaffold; refine at body-drafting)
paideia-os	g4-vello-2d	G4	G4-M3-003	G4.M3-003 Per-tile scanline blend (sort-middle) #3	M	G4-M1-001	src/user/vello/tile_blend.pdx	Per-tile scanline blend (sort-middle) (auto-scaffold; refine at body-drafting)
paideia-os	g4-vello-2d	G4	G4-M4-001	G4.M4-001 Gradient + blur compute passes #1	M	G4-M1-001	src/user/vello/effects.pdx	Gradient + blur compute passes (auto-scaffold; refine at body-drafting)
paideia-os	g4-vello-2d	G4	G4-M4-002	G4.M4-002 Gradient + blur compute passes #2	M	G4-M1-001	src/user/vello/effects.pdx	Gradient + blur compute passes (auto-scaffold; refine at body-drafting)
paideia-os	g4-vello-2d	G4	G4-M4-003	G4.M4-003 Gradient + blur compute passes #3	M	G4-M1-001	src/user/vello/effects.pdx	Gradient + blur compute passes (auto-scaffold; refine at body-drafting)
paideia-os	g4-vello-2d	G4	G4-M5-001	G4.M5-001 KIND_VELLO_RENDERER (derived over KIND_GPU_CONTEXT) #1	M	G4-M1-001	src/user/vello/renderer.pdx	KIND_VELLO_RENDERER (derived over KIND_GPU_CONTEXT) (auto-scaffold; refine at body-drafting)
paideia-os	g4-vello-2d	G4	G4-M5-002	G4.M5-002 KIND_VELLO_RENDERER (derived over KIND_GPU_CONTEXT) #2	M	G4-M1-001	src/user/vello/renderer.pdx	KIND_VELLO_RENDERER (derived over KIND_GPU_CONTEXT) (auto-scaffold; refine at body-drafting)
paideia-os	g4-vello-2d	G4	G4-M6-001	G4.M6-001 Software llvmpipe-equivalent fallback (R3 mitigation) #1	M	G4-M1-001	src/user/vello/sw_fallback.pdx	Software llvmpipe-equivalent fallback (R3 mitigation) (auto-scaffold; refine at body-drafting)
paideia-os	g4-vello-2d	G4	G4-M6-002	G4.M6-002 Software llvmpipe-equivalent fallback (R3 mitigation) #2	M	G4-M1-001	src/user/vello/sw_fallback.pdx	Software llvmpipe-equivalent fallback (R3 mitigation) (auto-scaffold; refine at body-drafting)
paideia-os	g5-sdf-text	G5	G5-M1-001	G5.M1-001 SDF glyph pipeline + KIND_FONT_ATLAS #1	M	G4-M6-001	src/user/text/sdf_glyph.pdx	SDF glyph pipeline + KIND_FONT_ATLAS (auto-scaffold; refine at body-drafting)
paideia-os	g5-sdf-text	G5	G5-M1-002	G5.M1-002 SDF glyph pipeline + KIND_FONT_ATLAS #2	M	G5-M1-001	src/user/text/sdf_glyph.pdx	SDF glyph pipeline + KIND_FONT_ATLAS (auto-scaffold; refine at body-drafting)
paideia-os	g5-sdf-text	G5	G5-M1-003	G5.M1-003 SDF glyph pipeline + KIND_FONT_ATLAS #3	M	G5-M1-001	src/user/text/sdf_glyph.pdx	SDF glyph pipeline + KIND_FONT_ATLAS (auto-scaffold; refine at body-drafting)
paideia-os	g5-sdf-text	G5	G5-M2-001	G5.M2-001 Slug analytic bands + MSDF fallback #1	M	G5-M1-001	src/user/text/slug.pdx	Slug analytic bands + MSDF fallback (auto-scaffold; refine at body-drafting)
paideia-os	g5-sdf-text	G5	G5-M2-002	G5.M2-002 Slug analytic bands + MSDF fallback #2	M	G5-M1-001	src/user/text/slug.pdx	Slug analytic bands + MSDF fallback (auto-scaffold; refine at body-drafting)
paideia-os	g5-sdf-text	G5	G5-M2-003	G5.M2-003 Slug analytic bands + MSDF fallback #3	M	G5-M1-001	src/user/text/slug.pdx	Slug analytic bands + MSDF fallback (auto-scaffold; refine at body-drafting)
paideia-os	g5-sdf-text	G5	G5-M3-001	G5.M3-001 Subpixel positioning at render time (P9 mitigation) #1	M	G5-M1-001	src/user/text/subpixel.pdx	Subpixel positioning at render time (P9 mitigation) (auto-scaffold; refine at body-drafting)
paideia-os	g5-sdf-text	G5	G5-M3-002	G5.M3-002 Subpixel positioning at render time (P9 mitigation) #2	M	G5-M1-001	src/user/text/subpixel.pdx	Subpixel positioning at render time (P9 mitigation) (auto-scaffold; refine at body-drafting)
paideia-os	g5-sdf-text	G5	G5-M3-003	G5.M3-003 Subpixel positioning at render time (P9 mitigation) #3	M	G5-M1-001	src/user/text/subpixel.pdx	Subpixel positioning at render time (P9 mitigation) (auto-scaffold; refine at body-drafting)
paideia-os	g5-sdf-text	G5	G5-M4-001	G5.M4-001 Shaping engine (HarfBuzz-equivalent) + KIND_TEXT_SHAPE #1	M	G5-M1-001	src/user/text/shape.pdx	Shaping engine (HarfBuzz-equivalent) + KIND_TEXT_SHAPE (auto-scaffold; refine at body-drafting)
paideia-os	g5-sdf-text	G5	G5-M4-002	G5.M4-002 Shaping engine (HarfBuzz-equivalent) + KIND_TEXT_SHAPE #2	M	G5-M1-001	src/user/text/shape.pdx	Shaping engine (HarfBuzz-equivalent) + KIND_TEXT_SHAPE (auto-scaffold; refine at body-drafting)
paideia-os	g5-sdf-text	G5	G5-M4-003	G5.M4-003 Shaping engine (HarfBuzz-equivalent) + KIND_TEXT_SHAPE #3	M	G5-M1-001	src/user/text/shape.pdx	Shaping engine (HarfBuzz-equivalent) + KIND_TEXT_SHAPE (auto-scaffold; refine at body-drafting)
paideia-os	g5-sdf-text	G5	G5-M5-001	G5.M5-001 BiDi + Indic complex-shape support #1	M	G5-M1-001	src/user/text/bidi_indic.pdx	BiDi + Indic complex-shape support (auto-scaffold; refine at body-drafting)
paideia-os	g5-sdf-text	G5	G5-M5-002	G5.M5-002 BiDi + Indic complex-shape support #2	M	G5-M1-001	src/user/text/bidi_indic.pdx	BiDi + Indic complex-shape support (auto-scaffold; refine at body-drafting)
paideia-os	g5-sdf-text	G5	G5-M6-001	G5.M6-001 Color emoji (COLR/CPAL/SBIX/CBDT) #1	M	G5-M1-001	src/user/text/color_emoji.pdx	Color emoji (COLR/CPAL/SBIX/CBDT) (auto-scaffold; refine at body-drafting)
paideia-os	g5-sdf-text	G5	G5-M6-002	G5.M6-002 Color emoji (COLR/CPAL/SBIX/CBDT) #2	M	G5-M1-001	src/user/text/color_emoji.pdx	Color emoji (COLR/CPAL/SBIX/CBDT) (auto-scaffold; refine at body-drafting)
paideia-os	g5-sdf-text	G5	G5-M7-001	G5.M7-001 Font loading + fallback cascade #1	M	G5-M1-001	src/user/text/font_fallback.pdx	Font loading + fallback cascade (auto-scaffold; refine at body-drafting)
paideia-os	g5-sdf-text	G5	G5-M7-002	G5.M7-002 Font loading + fallback cascade #2	M	G5-M1-001	src/user/text/font_fallback.pdx	Font loading + fallback cascade (auto-scaffold; refine at body-drafting)
paideia-os	g6-color-hdr	G6	G6-M1-001	G6.M1-001 CICP-tagged KIND_COLOR_PROFILE #1	M	G3-M6-001	src/user/color/cicp.pdx	CICP-tagged KIND_COLOR_PROFILE (auto-scaffold; refine at body-drafting)
paideia-os	g6-color-hdr	G6	G6-M1-002	G6.M1-002 CICP-tagged KIND_COLOR_PROFILE #2	M	G6-M1-001	src/user/color/cicp.pdx	CICP-tagged KIND_COLOR_PROFILE (auto-scaffold; refine at body-drafting)
paideia-os	g6-color-hdr	G6	G6-M1-003	G6.M1-003 CICP-tagged KIND_COLOR_PROFILE #3	M	G6-M1-001	src/user/color/cicp.pdx	CICP-tagged KIND_COLOR_PROFILE (auto-scaffold; refine at body-drafting)
paideia-os	g6-color-hdr	G6	G6-M2-001	G6.M2-001 ICC v4 parser (mandatory) #1	M	G6-M1-001	src/user/color/icc_v4.pdx	ICC v4 parser (mandatory) (auto-scaffold; refine at body-drafting)
paideia-os	g6-color-hdr	G6	G6-M2-002	G6.M2-002 ICC v4 parser (mandatory) #2	M	G6-M1-001	src/user/color/icc_v4.pdx	ICC v4 parser (mandatory) (auto-scaffold; refine at body-drafting)
paideia-os	g6-color-hdr	G6	G6-M2-003	G6.M2-003 ICC v4 parser (mandatory) #3	M	G6-M1-001	src/user/color/icc_v4.pdx	ICC v4 parser (mandatory) (auto-scaffold; refine at body-drafting)
paideia-os	g6-color-hdr	G6	G6-M3-001	G6.M3-001 scRGB-linear composition space (fp16) #1	M	G6-M1-001	src/user/color/composition.pdx	scRGB-linear composition space (fp16) (auto-scaffold; refine at body-drafting)
paideia-os	g6-color-hdr	G6	G6-M3-002	G6.M3-002 scRGB-linear composition space (fp16) #2	M	G6-M1-001	src/user/color/composition.pdx	scRGB-linear composition space (fp16) (auto-scaffold; refine at body-drafting)
paideia-os	g6-color-hdr	G6	G6-M3-003	G6.M3-003 scRGB-linear composition space (fp16) #3	M	G6-M1-001	src/user/color/composition.pdx	scRGB-linear composition space (fp16) (auto-scaffold; refine at body-drafting)
paideia-os	g6-color-hdr	G6	G6-M4-001	G6.M4-001 HDR10 + HLG + DV output transforms + KIND_HDR_METADATA #1	M	G6-M1-001	src/user/color/hdr_transform.pdx	HDR10 + HLG + DV output transforms + KIND_HDR_METADATA (auto-scaffold; refine at body-drafting)
paideia-os	g6-color-hdr	G6	G6-M4-002	G6.M4-002 HDR10 + HLG + DV output transforms + KIND_HDR_METADATA #2	M	G6-M1-001	src/user/color/hdr_transform.pdx	HDR10 + HLG + DV output transforms + KIND_HDR_METADATA (auto-scaffold; refine at body-drafting)
paideia-os	g6-color-hdr	G6	G6-M4-003	G6.M4-003 HDR10 + HLG + DV output transforms + KIND_HDR_METADATA #3	M	G6-M1-001	src/user/color/hdr_transform.pdx	HDR10 + HLG + DV output transforms + KIND_HDR_METADATA (auto-scaffold; refine at body-drafting)
paideia-os	g6-color-hdr	G6	G6-M5-001	G6.M5-001 Tone-mapping LUT + KIND_TONEMAP_LUT #1	M	G6-M1-001	src/user/color/tonemap.pdx	Tone-mapping LUT + KIND_TONEMAP_LUT (auto-scaffold; refine at body-drafting)
paideia-os	g6-color-hdr	G6	G6-M5-002	G6.M5-002 Tone-mapping LUT + KIND_TONEMAP_LUT #2	M	G6-M1-001	src/user/color/tonemap.pdx	Tone-mapping LUT + KIND_TONEMAP_LUT (auto-scaffold; refine at body-drafting)
paideia-os	g6-color-hdr	G6	G6-M6-001	G6.M6-001 Reference-display metadata + BT.2100 #1	M	G6-M1-001	src/user/color/bt2100.pdx	Reference-display metadata + BT.2100 (auto-scaffold; refine at body-drafting)
paideia-os	g6-color-hdr	G6	G6-M6-002	G6.M6-002 Reference-display metadata + BT.2100 #2	M	G6-M1-001	src/user/color/bt2100.pdx	Reference-display metadata + BT.2100 (auto-scaffold; refine at body-drafting)
paideia-os	g7-compositor-protocol	G7	G7-M1-001	G7.M1-001 PWP protocol spec freeze (3-week design review, R1 mitigation) #1	M	G1..G6	design/compositor/pwp-spec.md	PWP protocol spec freeze (3-week design review, R1 mitigation) (auto-scaffold; refine at body-drafting)
paideia-os	g7-compositor-protocol	G7	G7-M1-002	G7.M1-002 PWP protocol spec freeze (3-week design review, R1 mitigation) #2	M	G7-M1-001	design/compositor/pwp-spec.md	PWP protocol spec freeze (3-week design review, R1 mitigation) (auto-scaffold; refine at body-drafting)
paideia-os	g7-compositor-protocol	G7	G7-M1-003	G7.M1-003 PWP protocol spec freeze (3-week design review, R1 mitigation) #3	M	G7-M1-001	design/compositor/pwp-spec.md	PWP protocol spec freeze (3-week design review, R1 mitigation) (auto-scaffold; refine at body-drafting)
paideia-os	g7-compositor-protocol	G7	G7-M1-004	G7.M1-004 PWP protocol spec freeze (3-week design review, R1 mitigation) #4	M	G7-M1-001	design/compositor/pwp-spec.md	PWP protocol spec freeze (3-week design review, R1 mitigation) (auto-scaffold; refine at body-drafting)
paideia-os	g7-compositor-protocol	G7	G7-M2-001	G7.M2-001 KIND_SURFACE + KIND_SURFACE_COMMIT (linear) #1	M	G7-M1-001	src/user/compositor/surface.pdx	KIND_SURFACE + KIND_SURFACE_COMMIT (linear) (auto-scaffold; refine at body-drafting)
paideia-os	g7-compositor-protocol	G7	G7-M2-002	G7.M2-002 KIND_SURFACE + KIND_SURFACE_COMMIT (linear) #2	M	G7-M1-001	src/user/compositor/surface.pdx	KIND_SURFACE + KIND_SURFACE_COMMIT (linear) (auto-scaffold; refine at body-drafting)
paideia-os	g7-compositor-protocol	G7	G7-M2-003	G7.M2-003 KIND_SURFACE + KIND_SURFACE_COMMIT (linear) #3	M	G7-M1-001	src/user/compositor/surface.pdx	KIND_SURFACE + KIND_SURFACE_COMMIT (linear) (auto-scaffold; refine at body-drafting)
paideia-os	g7-compositor-protocol	G7	G7-M2-004	G7.M2-004 KIND_SURFACE + KIND_SURFACE_COMMIT (linear) #4	M	G7-M1-001	src/user/compositor/surface.pdx	KIND_SURFACE + KIND_SURFACE_COMMIT (linear) (auto-scaffold; refine at body-drafting)
paideia-os	g7-compositor-protocol	G7	G7-M3-001	G7.M3-001 KIND_WINDOW + KIND_LAYER_TREE #1	M	G7-M1-001	src/user/compositor/window.pdx	KIND_WINDOW + KIND_LAYER_TREE (auto-scaffold; refine at body-drafting)
paideia-os	g7-compositor-protocol	G7	G7-M3-002	G7.M3-002 KIND_WINDOW + KIND_LAYER_TREE #2	M	G7-M1-001	src/user/compositor/window.pdx	KIND_WINDOW + KIND_LAYER_TREE (auto-scaffold; refine at body-drafting)
paideia-os	g7-compositor-protocol	G7	G7-M3-003	G7.M3-003 KIND_WINDOW + KIND_LAYER_TREE #3	M	G7-M1-001	src/user/compositor/window.pdx	KIND_WINDOW + KIND_LAYER_TREE (auto-scaffold; refine at body-drafting)
paideia-os	g7-compositor-protocol	G7	G7-M4-001	G7.M4-001 XDG-shell-equivalent: window states + geometry #1	M	G7-M1-001	src/user/compositor/xdg_shell.pdx	XDG-shell-equivalent: window states + geometry (auto-scaffold; refine at body-drafting)
paideia-os	g7-compositor-protocol	G7	G7-M4-002	G7.M4-002 XDG-shell-equivalent: window states + geometry #2	M	G7-M1-001	src/user/compositor/xdg_shell.pdx	XDG-shell-equivalent: window states + geometry (auto-scaffold; refine at body-drafting)
paideia-os	g7-compositor-protocol	G7	G7-M4-003	G7.M4-003 XDG-shell-equivalent: window states + geometry #3	M	G7-M1-001	src/user/compositor/xdg_shell.pdx	XDG-shell-equivalent: window states + geometry (auto-scaffold; refine at body-drafting)
paideia-os	g7-compositor-protocol	G7	G7-M5-001	G7.M5-001 DnD + clipboard as sealed cap flow #1	M	G7-M1-001	src/user/compositor/dnd_clipboard.pdx	DnD + clipboard as sealed cap flow (auto-scaffold; refine at body-drafting)
paideia-os	g7-compositor-protocol	G7	G7-M5-002	G7.M5-002 DnD + clipboard as sealed cap flow #2	M	G7-M1-001	src/user/compositor/dnd_clipboard.pdx	DnD + clipboard as sealed cap flow (auto-scaffold; refine at body-drafting)
paideia-os	g7-compositor-protocol	G7	G7-M5-003	G7.M5-003 DnD + clipboard as sealed cap flow #3	M	G7-M1-001	src/user/compositor/dnd_clipboard.pdx	DnD + clipboard as sealed cap flow (auto-scaffold; refine at body-drafting)
paideia-os	g7-compositor-protocol	G7	G7-M6-001	G7.M6-001 Reserved recovery plane discipline (P8 enforcement) #1	M	G7-M1-001	src/user/compositor/recovery_plane.pdx	Reserved recovery plane discipline (P8 enforcement) (auto-scaffold; refine at body-drafting)
paideia-os	g7-compositor-protocol	G7	G7-M6-002	G7.M6-002 Reserved recovery plane discipline (P8 enforcement) #2	M	G7-M1-001	src/user/compositor/recovery_plane.pdx	Reserved recovery plane discipline (P8 enforcement) (auto-scaffold; refine at body-drafting)
paideia-os	g7-compositor-protocol	G7	G7-M7-001	G7.M7-001 No-extension policy documented (P11 mitigation) #1	M	G7-M1-001	design/compositor/no-extension-policy.md	No-extension policy documented (P11 mitigation) (auto-scaffold; refine at body-drafting)
paideia-os	g7-compositor-protocol	G7	G7-M7-002	G7.M7-002 No-extension policy documented (P11 mitigation) #2	M	G7-M1-001	design/compositor/no-extension-policy.md	No-extension policy documented (P11 mitigation) (auto-scaffold; refine at body-drafting)
paideia-os	g7-compositor-protocol	G7	G7-M8-001	G7.M8-001 T14 hw-smoke-g7.md + first-window smoke #1	M	G7-M1-001	tools/hw-smoke-g7.md	T14 hw-smoke-g7.md + first-window smoke (auto-scaffold; refine at body-drafting)
paideia-os	g8-input-routing	G8	G8-M1-001	G8.M1-001 Input server as separate process (P2 mitigation) #1	M	G7 + R32	src/user/input_server/main.pdx	Input server as separate process (P2 mitigation) (auto-scaffold; refine at body-drafting)
paideia-os	g8-input-routing	G8	G8-M1-002	G8.M1-002 Input server as separate process (P2 mitigation) #2	M	G8-M1-001	src/user/input_server/main.pdx	Input server as separate process (P2 mitigation) (auto-scaffold; refine at body-drafting)
paideia-os	g8-input-routing	G8	G8-M1-003	G8.M1-003 Input server as separate process (P2 mitigation) #3	M	G8-M1-001	src/user/input_server/main.pdx	Input server as separate process (P2 mitigation) (auto-scaffold; refine at body-drafting)
paideia-os	g8-input-routing	G8	G8-M2-001	G8.M2-001 KIND_INPUT_ROUTE (linear) #1	M	G8-M1-001	src/user/input_server/route.pdx	KIND_INPUT_ROUTE (linear) (auto-scaffold; refine at body-drafting)
paideia-os	g8-input-routing	G8	G8-M2-002	G8.M2-002 KIND_INPUT_ROUTE (linear) #2	M	G8-M1-001	src/user/input_server/route.pdx	KIND_INPUT_ROUTE (linear) (auto-scaffold; refine at body-drafting)
paideia-os	g8-input-routing	G8	G8-M2-003	G8.M2-003 KIND_INPUT_ROUTE (linear) #3	M	G8-M1-001	src/user/input_server/route.pdx	KIND_INPUT_ROUTE (linear) (auto-scaffold; refine at body-drafting)
paideia-os	g8-input-routing	G8	G8-M3-001	G8.M3-001 Per-device pointer accel curves #1	M	G8-M1-001	src/user/input_server/accel.pdx	Per-device pointer accel curves (auto-scaffold; refine at body-drafting)
paideia-os	g8-input-routing	G8	G8-M3-002	G8.M3-002 Per-device pointer accel curves #2	M	G8-M1-001	src/user/input_server/accel.pdx	Per-device pointer accel curves (auto-scaffold; refine at body-drafting)
paideia-os	g8-input-routing	G8	G8-M3-003	G8.M3-003 Per-device pointer accel curves #3	M	G8-M1-001	src/user/input_server/accel.pdx	Per-device pointer accel curves (auto-scaffold; refine at body-drafting)
paideia-os	g8-input-routing	G8	G8-M4-001	G8.M4-001 Multi-touch + stylus + gesture routing #1	M	G8-M1-001	src/user/input_server/touch_stylus.pdx	Multi-touch + stylus + gesture routing (auto-scaffold; refine at body-drafting)
paideia-os	g8-input-routing	G8	G8-M4-002	G8.M4-002 Multi-touch + stylus + gesture routing #2	M	G8-M1-001	src/user/input_server/touch_stylus.pdx	Multi-touch + stylus + gesture routing (auto-scaffold; refine at body-drafting)
paideia-os	g8-input-routing	G8	G8-M5-001	G8.M5-001 Multi-seat + KIND_SEAT #1	M	G8-M1-001	src/user/input_server/seat.pdx	Multi-seat + KIND_SEAT (auto-scaffold; refine at body-drafting)
paideia-os	g8-input-routing	G8	G8-M5-002	G8.M5-002 Multi-seat + KIND_SEAT #2	M	G8-M1-001	src/user/input_server/seat.pdx	Multi-seat + KIND_SEAT (auto-scaffold; refine at body-drafting)
paideia-os	g8-input-routing	G8	G8-M6-001	G8.M6-001 T14 hw-smoke-g8.md #1	M	G8-M1-001	tools/hw-smoke-g8.md	T14 hw-smoke-g8.md (auto-scaffold; refine at body-drafting)
paideia-os	g9-windowing-feedback	G9	G9-M1-001	G9.M1-001 Workspaces + KIND_WORKSPACE #1	M	G7-M8-001	src/user/compositor/workspace.pdx	Workspaces + KIND_WORKSPACE (auto-scaffold; refine at body-drafting)
paideia-os	g9-windowing-feedback	G9	G9-M1-002	G9.M1-002 Workspaces + KIND_WORKSPACE #2	M	G9-M1-001	src/user/compositor/workspace.pdx	Workspaces + KIND_WORKSPACE (auto-scaffold; refine at body-drafting)
paideia-os	g9-windowing-feedback	G9	G9-M1-003	G9.M1-003 Workspaces + KIND_WORKSPACE #3	M	G9-M1-001	src/user/compositor/workspace.pdx	Workspaces + KIND_WORKSPACE (auto-scaffold; refine at body-drafting)
paideia-os	g9-windowing-feedback	G9	G9-M2-001	G9.M2-001 Tiling layout policy #1	M	G9-M1-001	src/user/compositor/tiling.pdx	Tiling layout policy (auto-scaffold; refine at body-drafting)
paideia-os	g9-windowing-feedback	G9	G9-M2-002	G9.M2-002 Tiling layout policy #2	M	G9-M1-001	src/user/compositor/tiling.pdx	Tiling layout policy (auto-scaffold; refine at body-drafting)
paideia-os	g9-windowing-feedback	G9	G9-M2-003	G9.M2-003 Tiling layout policy #3	M	G9-M1-001	src/user/compositor/tiling.pdx	Tiling layout policy (auto-scaffold; refine at body-drafting)
paideia-os	g9-windowing-feedback	G9	G9-M3-001	G9.M3-001 Damage tracking + buffer-age + KIND_DAMAGE_REGION #1	M	G9-M1-001	src/user/compositor/damage.pdx	Damage tracking + buffer-age + KIND_DAMAGE_REGION (auto-scaffold; refine at body-drafting)
paideia-os	g9-windowing-feedback	G9	G9-M3-002	G9.M3-002 Damage tracking + buffer-age + KIND_DAMAGE_REGION #2	M	G9-M1-001	src/user/compositor/damage.pdx	Damage tracking + buffer-age + KIND_DAMAGE_REGION (auto-scaffold; refine at body-drafting)
paideia-os	g9-windowing-feedback	G9	G9-M3-003	G9.M3-003 Damage tracking + buffer-age + KIND_DAMAGE_REGION #3	M	G9-M1-001	src/user/compositor/damage.pdx	Damage tracking + buffer-age + KIND_DAMAGE_REGION (auto-scaffold; refine at body-drafting)
paideia-os	g9-windowing-feedback	G9	G9-M4-001	G9.M4-001 KIND_PRESENT_FEEDBACK stream (P6 mitigation) #1	M	G9-M1-001	src/user/compositor/present_feedback.pdx	KIND_PRESENT_FEEDBACK stream (P6 mitigation) (auto-scaffold; refine at body-drafting)
paideia-os	g9-windowing-feedback	G9	G9-M4-002	G9.M4-002 KIND_PRESENT_FEEDBACK stream (P6 mitigation) #2	M	G9-M1-001	src/user/compositor/present_feedback.pdx	KIND_PRESENT_FEEDBACK stream (P6 mitigation) (auto-scaffold; refine at body-drafting)
paideia-os	g9-windowing-feedback	G9	G9-M4-003	G9.M4-003 KIND_PRESENT_FEEDBACK stream (P6 mitigation) #3	M	G9-M1-001	src/user/compositor/present_feedback.pdx	KIND_PRESENT_FEEDBACK stream (P6 mitigation) (auto-scaffold; refine at body-drafting)
paideia-os	g9-windowing-feedback	G9	G9-M5-001	G9.M5-001 Adaptive-rate example client #1	M	G9-M1-001	src/samples/adaptive_rate/*.pdx	Adaptive-rate example client (auto-scaffold; refine at body-drafting)
paideia-os	g9-windowing-feedback	G9	G9-M5-002	G9.M5-002 Adaptive-rate example client #2	M	G9-M1-001	src/samples/adaptive_rate/*.pdx	Adaptive-rate example client (auto-scaffold; refine at body-drafting)
paideia-os	g10-accessibility	G10	G10-M1-001	G10.M1-001 KIND_A11Y_TREE + KIND_A11Y_NODE (AccessKit-shape) #1	M	G7-M8-001	src/user/a11y/tree.pdx	KIND_A11Y_TREE + KIND_A11Y_NODE (AccessKit-shape) (auto-scaffold; refine at body-drafting)
paideia-os	g10-accessibility	G10	G10-M1-002	G10.M1-002 KIND_A11Y_TREE + KIND_A11Y_NODE (AccessKit-shape) #2	M	G10-M1-001	src/user/a11y/tree.pdx	KIND_A11Y_TREE + KIND_A11Y_NODE (AccessKit-shape) (auto-scaffold; refine at body-drafting)
paideia-os	g10-accessibility	G10	G10-M1-003	G10.M1-003 KIND_A11Y_TREE + KIND_A11Y_NODE (AccessKit-shape) #3	M	G10-M1-001	src/user/a11y/tree.pdx	KIND_A11Y_TREE + KIND_A11Y_NODE (AccessKit-shape) (auto-scaffold; refine at body-drafting)
paideia-os	g10-accessibility	G10	G10-M2-001	G10.M2-001 Window-creation a11y-tree binding (P4 mitigation) #1	M	G10-M1-001	src/user/compositor/a11y_bind.pdx	Window-creation a11y-tree binding (P4 mitigation) (auto-scaffold; refine at body-drafting)
paideia-os	g10-accessibility	G10	G10-M2-002	G10.M2-002 Window-creation a11y-tree binding (P4 mitigation) #2	M	G10-M1-001	src/user/compositor/a11y_bind.pdx	Window-creation a11y-tree binding (P4 mitigation) (auto-scaffold; refine at body-drafting)
paideia-os	g10-accessibility	G10	G10-M2-003	G10.M2-003 Window-creation a11y-tree binding (P4 mitigation) #3	M	G10-M1-001	src/user/compositor/a11y_bind.pdx	Window-creation a11y-tree binding (P4 mitigation) (auto-scaffold; refine at body-drafting)
paideia-os	g10-accessibility	G10	G10-M3-001	G10.M3-001 Screen-reader client protocol #1	M	G10-M1-001	src/user/a11y/screen_reader.pdx	Screen-reader client protocol (auto-scaffold; refine at body-drafting)
paideia-os	g10-accessibility	G10	G10-M3-002	G10.M3-002 Screen-reader client protocol #2	M	G10-M1-001	src/user/a11y/screen_reader.pdx	Screen-reader client protocol (auto-scaffold; refine at body-drafting)
paideia-os	g10-accessibility	G10	G10-M3-003	G10.M3-003 Screen-reader client protocol #3	M	G10-M1-001	src/user/a11y/screen_reader.pdx	Screen-reader client protocol (auto-scaffold; refine at body-drafting)
paideia-os	g10-accessibility	G10	G10-M4-001	G10.M4-001 Keyboard-navigation as compositor concept #1	M	G10-M1-001	src/user/compositor/keynav.pdx	Keyboard-navigation as compositor concept (auto-scaffold; refine at body-drafting)
paideia-os	g10-accessibility	G10	G10-M4-002	G10.M4-002 Keyboard-navigation as compositor concept #2	M	G10-M1-001	src/user/compositor/keynav.pdx	Keyboard-navigation as compositor concept (auto-scaffold; refine at body-drafting)
paideia-os	g10-accessibility	G10	G10-M5-001	G10.M5-001 T14 hw-smoke-g10.md + a11y smoke witness #1	M	G10-M1-001	tools/hw-smoke-g10.md	T14 hw-smoke-g10.md + a11y smoke witness (auto-scaffold; refine at body-drafting)
paideia-os	g11-ime	G11	G11-M1-001	G11.M1-001 KIND_IME_SESSION (linear) + KIND_IME_PROVIDER (P10 mitigation) #1	M	G5 + G7	src/user/ime/session.pdx	KIND_IME_SESSION (linear) + KIND_IME_PROVIDER (P10 mitigation) (auto-scaffold; refine at body-drafting)
paideia-os	g11-ime	G11	G11-M1-002	G11.M1-002 KIND_IME_SESSION (linear) + KIND_IME_PROVIDER (P10 mitigation) #2	M	G11-M1-001	src/user/ime/session.pdx	KIND_IME_SESSION (linear) + KIND_IME_PROVIDER (P10 mitigation) (auto-scaffold; refine at body-drafting)
paideia-os	g11-ime	G11	G11-M1-003	G11.M1-003 KIND_IME_SESSION (linear) + KIND_IME_PROVIDER (P10 mitigation) #3	M	G11-M1-001	src/user/ime/session.pdx	KIND_IME_SESSION (linear) + KIND_IME_PROVIDER (P10 mitigation) (auto-scaffold; refine at body-drafting)
paideia-os	g11-ime	G11	G11-M2-001	G11.M2-001 Latin autocomplete #1	M	G11-M1-001	src/user/ime/latin.pdx	Latin autocomplete (auto-scaffold; refine at body-drafting)
paideia-os	g11-ime	G11	G11-M2-002	G11.M2-002 Latin autocomplete #2	M	G11-M1-001	src/user/ime/latin.pdx	Latin autocomplete (auto-scaffold; refine at body-drafting)
paideia-os	g11-ime	G11	G11-M3-001	G11.M3-001 CJK: Pinyin + Zhuyin + Kana + Hangul #1	M	G11-M1-001	src/user/ime/cjk.pdx	CJK: Pinyin + Zhuyin + Kana + Hangul (auto-scaffold; refine at body-drafting)
paideia-os	g11-ime	G11	G11-M3-002	G11.M3-002 CJK: Pinyin + Zhuyin + Kana + Hangul #2	M	G11-M1-001	src/user/ime/cjk.pdx	CJK: Pinyin + Zhuyin + Kana + Hangul (auto-scaffold; refine at body-drafting)
paideia-os	g11-ime	G11	G11-M4-001	G11.M4-001 Indic complex shaping #1	M	G11-M1-001	src/user/ime/indic.pdx	Indic complex shaping (auto-scaffold; refine at body-drafting)
paideia-os	g11-ime	G11	G11-M4-002	G11.M4-002 Indic complex shaping #2	M	G11-M1-001	src/user/ime/indic.pdx	Indic complex shaping (auto-scaffold; refine at body-drafting)
paideia-os	g11-ime	G11	G11-M5-001	G11.M5-001 BiDi integration with G5 #1	M	G11-M1-001	src/user/ime/bidi.pdx	BiDi integration with G5 (auto-scaffold; refine at body-drafting)
paideia-os	g11-ime	G11	G11-M5-002	G11.M5-002 BiDi integration with G5 #2	M	G11-M1-001	src/user/ime/bidi.pdx	BiDi integration with G5 (auto-scaffold; refine at body-drafting)
paideia-os	g11-ime	G11	G11-M6-001	G11.M6-001 T14 hw-smoke-g11.md + polyglot input smoke #1	M	G11-M1-001	tools/hw-smoke-g11.md	T14 hw-smoke-g11.md + polyglot input smoke (auto-scaffold; refine at body-drafting)
paideia-os	g12-toolkit	G12	G12-M1-001	G12.M1-001 Immediate-mode toolkit + KIND_UI_CONTEXT (egui-shape) #1	M	G7..G11	src/user/libpaideia_ui/immediate.pdx	Immediate-mode toolkit + KIND_UI_CONTEXT (egui-shape) (auto-scaffold; refine at body-drafting)
paideia-os	g12-toolkit	G12	G12-M1-002	G12.M1-002 Immediate-mode toolkit + KIND_UI_CONTEXT (egui-shape) #2	M	G12-M1-001	src/user/libpaideia_ui/immediate.pdx	Immediate-mode toolkit + KIND_UI_CONTEXT (egui-shape) (auto-scaffold; refine at body-drafting)
paideia-os	g12-toolkit	G12	G12-M1-003	G12.M1-003 Immediate-mode toolkit + KIND_UI_CONTEXT (egui-shape) #3	M	G12-M1-001	src/user/libpaideia_ui/immediate.pdx	Immediate-mode toolkit + KIND_UI_CONTEXT (egui-shape) (auto-scaffold; refine at body-drafting)
paideia-os	g12-toolkit	G12	G12-M2-001	G12.M2-001 Retained-mode toolkit (Xilem-shape) #1	M	G12-M1-001	src/user/libpaideia_ui/retained.pdx	Retained-mode toolkit (Xilem-shape) (auto-scaffold; refine at body-drafting)
paideia-os	g12-toolkit	G12	G12-M2-002	G12.M2-002 Retained-mode toolkit (Xilem-shape) #2	M	G12-M1-001	src/user/libpaideia_ui/retained.pdx	Retained-mode toolkit (Xilem-shape) (auto-scaffold; refine at body-drafting)
paideia-os	g12-toolkit	G12	G12-M2-003	G12.M2-003 Retained-mode toolkit (Xilem-shape) #3	M	G12-M1-001	src/user/libpaideia_ui/retained.pdx	Retained-mode toolkit (Xilem-shape) (auto-scaffold; refine at body-drafting)
paideia-os	g12-toolkit	G12	G12-M3-001	G12.M3-001 Sample app: settings #1	M	G12-M1-001	src/samples/settings/*.pdx	Sample app: settings (auto-scaffold; refine at body-drafting)
paideia-os	g12-toolkit	G12	G12-M3-002	G12.M3-002 Sample app: settings #2	M	G12-M1-001	src/samples/settings/*.pdx	Sample app: settings (auto-scaffold; refine at body-drafting)
paideia-os	g12-toolkit	G12	G12-M3-003	G12.M3-003 Sample app: settings #3	M	G12-M1-001	src/samples/settings/*.pdx	Sample app: settings (auto-scaffold; refine at body-drafting)
paideia-os	g12-toolkit	G12	G12-M4-001	G12.M4-001 Sample app: clock #1	M	G12-M1-001	src/samples/clock/*.pdx	Sample app: clock (auto-scaffold; refine at body-drafting)
paideia-os	g12-toolkit	G12	G12-M4-002	G12.M4-002 Sample app: clock #2	M	G12-M1-001	src/samples/clock/*.pdx	Sample app: clock (auto-scaffold; refine at body-drafting)
paideia-os	g12-toolkit	G12	G12-M5-001	G12.M5-001 Sample app: text editor #1	M	G12-M1-001	src/samples/text_editor/*.pdx	Sample app: text editor (auto-scaffold; refine at body-drafting)
paideia-os	g12-toolkit	G12	G12-M5-002	G12.M5-002 Sample app: text editor #2	M	G12-M1-001	src/samples/text_editor/*.pdx	Sample app: text editor (auto-scaffold; refine at body-drafting)
paideia-os	g12-toolkit	G12	G12-M6-001	G12.M6-001 T14 hw-smoke-g12.md + first-app smoke #1	M	G12-M1-001	tools/hw-smoke-g12.md	T14 hw-smoke-g12.md + first-app smoke (auto-scaffold; refine at body-drafting)
paideia-as	v0.25-session-functors	v0.25	v0.25-M1-001	v0.25 M1: session-typed functor signatures	L	-	crates/paideia-as-parser/src/functor.rs crates/paideia-as-types/src/session.rs	gates R29 driver framework
paideia-as	v0.25-session-functors	v0.25	v0.25-M1-002	v0.25 M2: effect-row inference at call sites	L	v0.25-M1-001	crates/paideia-as-types/src/effect_row.rs	row-polymorphic inference
paideia-as	v0.25-session-functors	v0.25	v0.25-M1-003	v0.25 M3: linear-cap consumption verification in unsafe blocks	M	v0.25-M1-001	crates/paideia-as-linear/src/unsafe_verify.rs	linear discipline through unsafe
paideia-as	v0.25-session-functors	v0.25	v0.25-M1-004	v0.25 M4: @derive(base, refinement) macro	M	v0.25-M1-001	crates/paideia-as-macro/src/derive_refinement.rs	capability derivation macro
paideia-as	v0.25-session-functors	v0.25	v0.25-M1-005	v0.25 integration + release notes + CHANGELOG bump	S	v0.25-M1-001	CHANGELOG.md	workspace-version bump v0.25.0
paideia-as	v0.26-aml-substrate	v0.26	v0.26-M1-001	v0.26 recursive-descent parser helpers	M	-	crates/paideia-as-stdlib/src/parsers.rs	AML parser toolbox
paideia-as	v0.26-aml-substrate	v0.26	v0.26-M1-002	v0.26 arbitrary-precision integer intrinsics (@mulu64, @divu64)	M	-	crates/paideia-as-intrinsic/src/wide_int.rs	AML integer semantics
paideia-as	v0.26-aml-substrate	v0.26	v0.26-M1-003	v0.26 string interning	S	-	crates/paideia-as-stdlib/src/intern.rs	AML NameString caching
paideia-as	v0.26-aml-substrate	v0.26	v0.26-M1-004	v0.26 stable Result<T,E> idiom	S	-	crates/paideia-as-stdlib/src/result.rs	canonical error-return shape
paideia-as	v0.26-aml-substrate	v0.26	v0.26-M1-005	v0.26 integration + release notes + CHANGELOG	S	v0.26-M1-001	CHANGELOG.md	workspace-version bump v0.26.0
paideia-as	v0.27-dma-timeline	v0.27	v0.27-M1-001	v0.27 @dma_buffer(size, alignment, coherency) intrinsic	L	-	crates/paideia-as-intrinsic/src/dma_buffer.rs	DMA buffer syntax
paideia-as	v0.27-dma-timeline	v0.27	v0.27-M1-002	v0.27 @timeline_wait / @timeline_signal syntax	L	-	crates/paideia-as-parser/src/timeline.rs	explicit-sync first class
paideia-as	v0.27-dma-timeline	v0.27	v0.27-M1-003	v0.27 128-bit atomic CAS intrinsic	M	-	crates/paideia-as-intrinsic/src/atomic128.rs	GPU submission needs
paideia-as	v0.27-dma-timeline	v0.27	v0.27-M1-004	v0.27 @include_bytes_signed(path, keyring) for firmware blobs	M	-	crates/paideia-as-intrinsic/src/include_signed.rs	D1.a dual-signature enforcement in compiler
paideia-as	v0.27-dma-timeline	v0.27	v0.27-M1-005	v0.27 integration + release notes + CHANGELOG	S	v0.27-M1-001	CHANGELOG.md	workspace-version bump v0.27.0
paideia-as	v0.28-gpu-submit	v0.28	v0.28-M1-001	v0.28 @gpu_context(engine) scope	M	-	crates/paideia-as-parser/src/gpu_context.rs	GPU submission block
paideia-as	v0.28-gpu-submit	v0.28	v0.28-M1-002	v0.28 vec<T,N> type parameterization	L	-	crates/paideia-as-types/src/vec_typaram.rs	SIMD/shader-vector shape
paideia-as	v0.28-gpu-submit	v0.28	v0.28-M1-003	v0.28 @endian(be|le) on struct fields	M	-	crates/paideia-as-parser/src/endian_attr.rs	MMIO register layouts
paideia-as	v0.28-gpu-submit	v0.28	v0.28-M1-004	v0.28 @packed_struct full support	M	-	crates/paideia-as-parser/src/packed_struct.rs	HW descriptor layouts
paideia-as	v0.28-gpu-submit	v0.28	v0.28-M1-005	v0.28 integration + release notes + CHANGELOG	S	v0.28-M1-001	CHANGELOG.md	workspace-version bump v0.28.0
paideia-as	v0.29-compositor-substrate	v0.29	v0.29-M1-001	v0.29 row-polymorphic effects	L	-	crates/paideia-as-types/src/row_poly.rs	compositor effect variability
paideia-as	v0.29-compositor-substrate	v0.29	v0.29-M1-002	v0.29 handler composition (handle E1 ∘ handle E2)	L	-	crates/paideia-as-types/src/handler_compose.rs	PWP handler chaining
paideia-as	v0.29-compositor-substrate	v0.29	v0.29-M1-003	v0.29 session-type recursion with well-founded induction	L	-	crates/paideia-as-types/src/session_rec.rs	nested subsurface protocols
paideia-as	v0.29-compositor-substrate	v0.29	v0.29-M1-004	v0.29 integration + release notes + CHANGELOG	S	v0.29-M1-001	CHANGELOG.md	workspace-version bump v0.29.0
paideia-as	v0.30-vulkan-spirv	v0.30	v0.30-M1-001	v0.30 @spirv_module(path) embeds SPIR-V as KIND_MEMORY symbol	M	-	crates/paideia-as-intrinsic/src/spirv_module.rs	compile-time SPIR-V import
paideia-as	v0.30-vulkan-spirv	v0.30	v0.30-M1-002	v0.30 @wgsl_module(path) for Vello WGSL	M	-	crates/paideia-as-intrinsic/src/wgsl_module.rs	Vello compute-shader import
paideia-as	v0.30-vulkan-spirv	v0.30	v0.30-M1-003	v0.30 f16 intrinsic (fp16 composition)	M	-	crates/paideia-as-intrinsic/src/f16.rs	scRGB-linear needs fp16
paideia-as	v0.30-vulkan-spirv	v0.30	v0.30-M1-004	v0.30 integration + release notes + CHANGELOG	S	v0.30-M1-001	CHANGELOG.md	workspace-version bump v0.30.0
paideia-as	v0.31-color-hdr	v0.31	v0.31-M1-001	v0.31 @fixed_point(bits_int, bits_frac) type modifier	M	-	crates/paideia-as-types/src/fixed_point.rs	color-transform arithmetic
paideia-as	v0.31-color-hdr	v0.31	v0.31-M1-002	v0.31 Matrix<T,R,C> stdlib type + intrinsics	L	-	crates/paideia-as-stdlib/src/matrix.rs	color-space transforms
paideia-as	v0.31-color-hdr	v0.31	v0.31-M1-003	v0.31 CICP-tagged image-encoding helpers	M	-	crates/paideia-as-stdlib/src/cicp.rs	color-tagged pixel encode
paideia-as	v0.31-color-hdr	v0.31	v0.31-M1-004	v0.31 integration + release notes + CHANGELOG	S	v0.31-M1-001	CHANGELOG.md	workspace-version bump v0.31.0
paideia-as	v0.32-a11y-toolkit	v0.32	v0.32-M1-001	v0.32 trees with generational indices in stdlib	M	-	crates/paideia-as-stdlib/src/gen_index_tree.rs	a11y-tree data structure
paideia-as	v0.32-a11y-toolkit	v0.32	v0.32-M1-002	v0.32 row-based subtyping for KIND_A11Y_NODE polymorphism	L	-	crates/paideia-as-types/src/row_subtype.rs	AccessKit-shape node kinds
paideia-as	v0.32-a11y-toolkit	v0.32	v0.32-M1-003	v0.32 @retain / @immediate attributes on functor signatures	M	-	crates/paideia-as-parser/src/toolkit_attrs.rs	immediate vs retained UI mode
paideia-as	v0.32-a11y-toolkit	v0.32	v0.32-M1-004	v0.32 integration + release notes + CHANGELOG	S	v0.32-M1-001	CHANGELOG.md	workspace-version bump v0.32.0
paideia-as	v0.33-crypto-kdf	v0.33	v0.33-M1-005	v0.33 satellite-linkable runtime shim for paideia_crypto_* + mldsa65_sign_runtime_entry	M	-	crates/paideia-satellite-runtime/src/crypto_shim.rs	MASTER §13.4 gap — companion to open #1348
paideia-as	v0.33-crypto-kdf	v0.33	v0.33-M1-006	v0.33 encoder-conservative BLAKE3 hash intrinsic (unblocks libpdx-schema-registry FNV placeholder)	M	-	crates/paideia-as-crypto/src/blake3.rs	library-status.md flagged pending
paideia-as	v0.33-crypto-kdf	v0.33	v0.33-M1-007	v0.33 test runner: replace TestRunner::discover plain-text scan with real cargo-test harness	M	-	crates/paideia-as/src/test_runner.rs	companion to open #1349; discipline gap
paideia-as	v0.33-crypto-kdf	v0.33	v0.33-M1-008	v0.33 hw-smoke: Argon2id + ChaCha20-Poly1305 + ML-KEM-768 KAT vectors under boot smoke	S	-	tools/hw-smoke-v0.33.md	runtime KAT witness
paideia-as	v0.33-crypto-kdf	v0.33	v0.33-M1-009	v0.33 CHANGELOG + workspace-version bump v0.33.0 tag push	S	v0.33-M1-005	CHANGELOG.md	release cut (companion to open #1353)
paideia-os	R106 — persistent /home substrate (single-user path)	R106	R106-CROSS-001	R106 cross-repo scaffold: paideia-os/shell satellite repo created	S	-	-	MASTER §9.1 pre-R106 chore; not yet filed as GH issue
paideia-os	R106 — persistent /home substrate (single-user path)	R106	R106-CROSS-002	R106 shell satellite M1: tokenizer + dispatcher landing site	M	R106-CROSS-001	src/main.pdx src/tokenizer.pdx	lands in paideia-os/shell (satellite), not monorepo
paideia-os	-	R106	R106-BLOCKER-001	R106 blocker follow-up: raise TMPFS_INODE_NAME_MAX to 128 (needed for 64-hex fp)	M	-	src/kernel/core/vfs/tmpfs.pdx	companion fix to open #2234
paideia-os	R106 — persistent /home substrate (single-user path)	R106	R106-M4-USER-001	R106.M4-USER: shell tokenizer implementation of ~alias (E_ALIAS_UNRESOLVED path)	M	R106-CROSS-002	shell/src/tokenizer.pdx	user-space complement to open #2231 M4-KERNEL
paideia-os	-	R106	R106-DOC-001	R106 alignment table: content-addressed-identity §9 refresh for placeholder rename	S	-	design/user/content-addressed-identity.md	keep placeholder registry docs in sync
paideia-os/rm	-	misc-rm	RM-SILENT-001	rm#19: silent drop on cap-denied — audit record + user-facing error	M	-	src/main.pdx src/audit.pdx	silent-security gap (MASTER §13.2)
paideia-os/rm	-	misc-rm	RM-SILENT-002	rm#20/#21: silent partial recursion + silent audit elision	M	RM-SILENT-001	src/recursive.pdx src/audit.pdx	silent-security gap (MASTER §13.2)
paideia-os	-	misc-rm	RM-KERNEL-001	kernel-side audit-record schema addition for rm silent-security fixes	S	-	src/kernel/core/audit/vfs_events.pdx design/audit/vfs-schema.md	companion kernel patch
paideia-os/fetch	-	misc-retire	FETCH-RETIRE-001	fetch retirement: README redirect to pdxcurl + v0.9-archived tag	S	-	README.md	MASTER §13.1 retention through R100 M5
paideia-os/ping	-	misc-retire	PING-RETIRE-001	ping retirement: README redirect to pdxping + v0.9-archived tag	S	-	README.md	MASTER §13.1 retention through R100 M5
paideia-as	-	pas-debt	PAS-DEBT-001	paideia-as untracked debt item 1 (name TBD by Q-A-3 audit)	M	-	TBD	MASTER §13.3 placeholder; refine on Q-A-3 resolution
paideia-as	-	pas-debt	PAS-DEBT-002	paideia-as untracked debt item 2 (name TBD by Q-A-3 audit)	M	-	TBD	MASTER §13.3 placeholder; refine on Q-A-3 resolution
paideia-as	-	pas-debt	PAS-DEBT-003	paideia-as untracked debt item 3 (name TBD by Q-A-3 audit)	M	-	TBD	MASTER §13.3 placeholder; refine on Q-A-3 resolution
